{"type":"FeatureCollection","metadata":{"source":"OpenStreetMap via Overpass API; recorte por Territorio OESTE.kml","updatedAt":"2026-09-28","method":"Diferencia entre cada territorio y corredores de calles vehiculares","minimumBlockAreaM2":650.0,"roadHalfWidthsM":{"motorway":6.0,"trunk":5.0,"primary":4.0,"secondary":3.5,"tertiary":3.0,"residential":2.5,"living_street":2.25,"unclassified":2.25,"service":1.5},"roadWaysUsed":{"residential":392,"secondary":46,"tertiary":42,"primary":56,"service":17,"unclassified":4,"living_street":5,"trunk":11},"blocks":403,"territories":96,"countByTerritory":{"1":7,"2":9,"3":8,"4":8,"5":8,"6":8,"7":3,"8":3,"9":3,"10":3,"11":3,"12":4,"13":5,"14":5,"15":3,"16":4,"17":6,"18":4,"19":3,"20":1,"21":6,"22":6,"23":6,"24":6,"25":4,"26":3,"27":2,"28":4,"29":3,"30":8,"31":3,"32":4,"33":4,"34":8,"35":3,"36":4,"37":4,"38":4,"39":4,"40":1,"41":2,"42":3,"43":4,"44":4,"45":6,"46":7,"47":2,"48":2,"49":2,"50":2,"51":2,"52":2,"53":2,"54":2,"55":2,"56":2,"57":9,"58":9,"59":2,"60":5,"61":5,"62":4,"63":7,"64":6,"65":6,"66":1,"67":2,"68":4,"69":4,"70":4,"71":4,"72":3,"73":6,"74":2,"75":2,"76":8,"77":4,"78":6,"79":5,"80":2,"81":1,"82":3,"83":2,"84":2,"85":6,"86":2,"87":5,"88":3,"89":6,"90":2,"91":4,"92":5,"93":3,"94":6,"95":6,"96":6},"territoriesNeedingReview":[2,57,58],"license":"Datos © contribuidores de OpenStreetMap, ODbL 1.0","attributionUrl":"https://www.openstreetmap.org/copyright"},"features":[{"type":"Feature","properties":{"id":"T01-C01","territorioId":1,"numero":1,"areaM2":8487,"source":"OpenStreetMap highways + Territorio OESTE.kml","updatedAt":"2026-09-28","needsReview":false},"geometry":{"type":"Polygon","coordinates":[[[-62.1020711443362,-31.402538905545775],[-62.102294660862924,-31.402512982477592],[-62.10274421536843,-31.401635685002407],[-62.1027443923806,-31.40163534709901],[-62.10424253142433,-31.398836981695467],[-62.10427011004475,-31.39876329043553],[-62.10425526571248,-31.398758196398283],[-62.1041346605347,-31.398716713863138],[-62.10401010350057,-31.39895909019709],[-62.10371710422102,-31.399529388794793],[-62.10371607282594,-31.3995312326775],[-62.103562472825935,-31.3997845326775],[-62.10356220571546,-31.399784964979858],[-62.1032660541676,-31.40025545253668],[-62.102483944772494,-31.40166586780542],[-62.10201275845946,-31.40253962572399],[-62.1020711443362,-31.402538905545775]]]}},{"type":"Feature","properties":{"id":"T01-C02","territorioId":1,"numero":2,"areaM2":50305,"source":"OpenStreetMap highways + Territorio OESTE.kml","updatedAt":"2026-09-28","needsReview":false},"geometry":{"type":"Polygon","coordinates":[[[-62.10439492607219,-31.39881646866329],[-62.10437763192731,-31.398771991670202],[-62.10433133610525,-31.3987797391343],[-62.10432833345484,-31.398780114001088],[-62.10432530280208,-31.398780239496908],[-62.104322272123454,-31.398780114463285],[-62.10431926939569,-31.398779740054433],[-62.10431924430383,-31.398779734772834],[-62.10429215274874,-31.39885212457326],[-62.1042910076194,-31.39885465290099],[-62.102792297736144,-31.401654084572442],[-62.10235699819521,-31.40250356374244],[-62.10428653883413,-31.402192489065218],[-62.10510001730237,-31.40205523588631],[-62.10439492607219,-31.39881646866329]]]}},{"type":"Feature","properties":{"id":"T01-C03","territorioId":1,"numero":3,"areaM2":10906,"source":"OpenStreetMap highways + Territorio OESTE.kml","updatedAt":"2026-09-28","needsReview":false},"geometry":{"type":"Polygon","coordinates":[[[-62.105109697014406,-31.40209969869159],[-62.10432216066572,-31.40223257481749],[-62.104454168369,-31.40283944356454],[-62.10459757300317,-31.40349850494333],[-62.10538790388894,-31.403377614609237],[-62.105109697014406,-31.40209969869159]]]}},{"type":"Feature","properties":{"id":"T01-C04","territorioId":1,"numero":4,"areaM2":14136,"source":"OpenStreetMap highways + Territorio OESTE.kml","updatedAt":"2026-09-28","needsReview":false},"geometry":{"type":"Polygon","coordinates":[[[-62.101980380195,-31.403242483461327],[-62.1043976588621,-31.402825814956177],[-62.10427047034856,-31.40224110109535],[-62.10233132617988,-31.40255372402445],[-62.101980380195,-31.403242483461327]]]}},{"type":"Feature","properties":{"id":"T01-C05","territorioId":1,"numero":5,"areaM2":2142,"source":"OpenStreetMap highways + Territorio OESTE.kml","updatedAt":"2026-09-28","needsReview":false},"geometry":{"type":"Polygon","coordinates":[[[-62.10167573066338,-31.40329049384845],[-62.10191752315632,-31.403253079149348],[-62.10226990801472,-31.402561495808605],[-62.102076619629884,-31.40258391306809],[-62.102073477682545,-31.402584113918312],[-62.10198791520185,-31.40258516931455],[-62.10158635212556,-31.403287080084848],[-62.10167573066338,-31.40329049384845]]]}},{"type":"Feature","properties":{"id":"T01-C06","territorioId":1,"numero":6,"areaM2":18325,"source":"OpenStreetMap highways + Territorio OESTE.kml","updatedAt":"2026-09-28","needsReview":false},"geometry":{"type":"Polygon","coordinates":[[[-62.10195387521771,-31.403919351150577],[-62.104545786656786,-31.40350658982319],[-62.10440733269748,-31.40287028083727],[-62.10195385835774,-31.403293188423177],[-62.10155852687001,-31.403980405394066],[-62.10195387521771,-31.403919351150577]]]}},{"type":"Feature","properties":{"id":"T01-C07","territorioId":1,"numero":7,"areaM2":2151,"source":"OpenStreetMap highways + Territorio OESTE.kml","updatedAt":"2026-09-28","needsReview":false},"geometry":{"type":"Polygon","coordinates":[[[-62.10118536468306,-31.404038044913698],[-62.10149408794001,-31.403990357262913],[-62.10188926315632,-31.403303411943476],[-62.10168216348556,-31.403335458314192],[-62.10167925839265,-31.40333576570605],[-62.101676331547196,-31.40333579394432],[-62.10156139917169,-31.403331404166085],[-62.10118536468306,-31.404038044913698]]]}},{"type":"Feature","properties":{"id":"T02-C01","territorioId":2,"numero":1,"areaM2":9983,"source":"OpenStreetMap highways + Territorio OESTE.kml","updatedAt":"2026-09-28","needsReview":true},"geometry":{"type":"Polygon","coordinates":[[[-62.107681133894076,-31.398225703648095],[-62.106783554398156,-31.398372905172756],[-62.107014061538216,-31.399395822365328],[-62.107907531926216,-31.399251653246537],[-62.107681133894076,-31.398225703648095]]]}},{"type":"Feature","properties":{"id":"T02-C02","territorioId":2,"numero":2,"areaM2":8530,"source":"OpenStreetMap highways + Territorio OESTE.kml","updatedAt":"2026-09-28","needsReview":true},"geometry":{"type":"Polygon","coordinates":[[[-62.10673185421501,-31.39838138522369],[-62.10596838896507,-31.398506630995364],[-62.10619209850905,-31.399528498782384],[-62.106962331720204,-31.399404170906116],[-62.10673185421501,-31.39838138522369]]]}},{"type":"Feature","properties":{"id":"T02-C03","territorioId":2,"numero":3,"areaM2":8591,"source":"OpenStreetMap highways + Territorio OESTE.kml","updatedAt":"2026-09-28","needsReview":true},"geometry":{"type":"Polygon","coordinates":[[[-62.10591668899611,-31.398515111978355],[-62.10512682976911,-31.398644677017135],[-62.105386798395664,-31.39966298290747],[-62.10614040124667,-31.399536992126286],[-62.10591668899611,-31.398515111978355]]]}},{"type":"Feature","properties":{"id":"T02-C04","territorioId":2,"numero":4,"areaM2":7025,"source":"OpenStreetMap highways + Territorio OESTE.kml","updatedAt":"2026-09-28","needsReview":true},"geometry":{"type":"Polygon","coordinates":[[[-62.105075148798264,-31.398653310689866],[-62.1044401188447,-31.39876143198193],[-62.10446775192396,-31.398832498593464],[-62.10446874059428,-31.39883566663774],[-62.104690640452944,-31.39976891683629],[-62.10533501690206,-31.399671222829188],[-62.105075148798264,-31.398653310689866]]]}},{"type":"Feature","properties":{"id":"T02-C05","territorioId":2,"numero":5,"areaM2":9167,"source":"OpenStreetMap highways + Territorio OESTE.kml","updatedAt":"2026-09-28","needsReview":true},"geometry":{"type":"Polygon","coordinates":[[[-62.10725866487477,-31.400480838490736],[-62.10814722896153,-31.400338036923507],[-62.10793814824515,-31.399390439944202],[-62.10704575845404,-31.399536084158125],[-62.10725866487477,-31.400480838490736]]]}},{"type":"Feature","properties":{"id":"T02-C06","territorioId":2,"numero":6,"areaM2":7951,"source":"OpenStreetMap highways + Territorio OESTE.kml","updatedAt":"2026-09-28","needsReview":true},"geometry":{"type":"Polygon","coordinates":[[[-62.10642970303183,-31.40061401769194],[-62.10720692713031,-31.40048915187368],[-62.10699404883518,-31.399544522346005],[-62.10622312026778,-31.39967030789463],[-62.10642970303183,-31.40061401769194]]]}},{"type":"Feature","properties":{"id":"T02-C07","territorioId":2,"numero":7,"areaM2":699,"source":"OpenStreetMap highways + Territorio OESTE.kml","updatedAt":"2026-09-28","needsReview":true},"geometry":{"type":"Polygon","coordinates":[[[-62.1048506,-31.4009828],[-62.104887717457494,-31.40097654489765],[-62.10486715300065,-31.400889606354333],[-62.104867025595155,-31.400889036602866],[-62.10465881694682,-31.399901070073724],[-62.10463392462046,-31.399801500768294],[-62.10463385940572,-31.399801233362258],[-62.10440724215545,-31.39884814310308],[-62.10438204522986,-31.39878334177907],[-62.1048506,-31.4009828]]]}},{"type":"Feature","properties":{"id":"T02-C08","territorioId":2,"numero":8,"areaM2":7690,"source":"OpenStreetMap highways + Territorio OESTE.kml","updatedAt":"2026-09-28","needsReview":true},"geometry":{"type":"Polygon","coordinates":[[[-62.10562834183588,-31.400743212519767],[-62.106377969226244,-31.400622344112],[-62.10617142191383,-31.399678796262652],[-62.105419966980335,-31.399802947245814],[-62.10562834183588,-31.400743212519767]]]}},{"type":"Feature","properties":{"id":"T02-C09","territorioId":2,"numero":9,"areaM2":6626,"source":"OpenStreetMap highways + Territorio OESTE.kml","updatedAt":"2026-09-28","needsReview":true},"geometry":{"type":"Polygon","coordinates":[[[-62.10492444684212,-31.400856930737536],[-62.10557661285171,-31.40075156174886],[-62.1053682426347,-31.399811317405717],[-62.10472554679272,-31.39991313424771],[-62.10492444684212,-31.400856930737536]]]}},{"type":"Feature","properties":{"id":"T03-C01","territorioId":3,"numero":1,"areaM2":14580,"source":"OpenStreetMap highways + Territorio OESTE.kml","updatedAt":"2026-09-28","needsReview":false},"geometry":{"type":"Polygon","coordinates":[[[-62.10964422752425,-31.39790236624429],[-62.109865539518545,-31.398925421258884],[-62.111177804986134,-31.39871001345962],[-62.11095515930688,-31.397688591811512],[-62.10964422752425,-31.39790236624429]]]}},{"type":"Feature","properties":{"id":"T03-C02","territorioId":3,"numero":2,"areaM2":9411,"source":"OpenStreetMap highways + Territorio OESTE.kml","updatedAt":"2026-09-28","needsReview":false},"geometry":{"type":"Polygon","coordinates":[[[-62.108649879390626,-31.398066763632688],[-62.10888267591287,-31.399093969935773],[-62.109721205496385,-31.39895000665447],[-62.109496221163056,-31.39792674316132],[-62.108649879390626,-31.398066763632688]]]}},{"type":"Feature","properties":{"id":"T03-C03","territorioId":3,"numero":3,"areaM2":9705,"source":"OpenStreetMap highways + Territorio OESTE.kml","updatedAt":"2026-09-28","needsReview":false},"geometry":{"type":"Polygon","coordinates":[[[-62.108598187108456,-31.398075279361617],[-62.107732834023814,-31.39821722407087],[-62.107959260903804,-31.399243304397153],[-62.10883100406484,-31.399102575829254],[-62.108598187108456,-31.398075279361617]]]}},{"type":"Feature","properties":{"id":"T03-C04","territorioId":3,"numero":4,"areaM2":845,"source":"OpenStreetMap highways + Territorio OESTE.kml","updatedAt":"2026-09-28","needsReview":false},"geometry":{"type":"Polygon","coordinates":[[[-62.111199731763364,-31.39881263799691],[-62.111187377241855,-31.39875449240486],[-62.10987524730138,-31.398969877957406],[-62.10988854158604,-31.399030191456287],[-62.111199731763364,-31.39881263799691]]]}},{"type":"Feature","properties":{"id":"T03-C05","territorioId":3,"numero":5,"areaM2":13615,"source":"OpenStreetMap highways + Territorio OESTE.kml","updatedAt":"2026-09-28","needsReview":false},"geometry":{"type":"Polygon","coordinates":[[[-62.11142891470478,-31.399810325506692],[-62.11120956562821,-31.398857074162603],[-62.109898312109294,-31.39907463813165],[-62.11010570541745,-31.400020661130753],[-62.11142891470478,-31.399810325506692]]]}},{"type":"Feature","properties":{"id":"T03-C06","territorioId":3,"numero":6,"areaM2":8619,"source":"OpenStreetMap highways + Territorio OESTE.kml","updatedAt":"2026-09-28","needsReview":false},"geometry":{"type":"Polygon","coordinates":[[[-62.109961564747486,-31.40004370963427],[-62.10975370611123,-31.399097838211354],[-62.108913810015544,-31.399231385269402],[-62.10912882048449,-31.40018006762283],[-62.109961564747486,-31.40004370963427]]]}},{"type":"Feature","properties":{"id":"T03-C07","territorioId":3,"numero":7,"areaM2":9030,"source":"OpenStreetMap highways + Territorio OESTE.kml","updatedAt":"2026-09-28","needsReview":false},"geometry":{"type":"Polygon","coordinates":[[[-62.109077100574915,-31.400188461458455],[-62.108862076057335,-31.399239717118377],[-62.1079898576899,-31.399382002578403],[-62.10819896466605,-31.400329718589603],[-62.109077100574915,-31.400188461458455]]]}},{"type":"Feature","properties":{"id":"T03-C08","territorioId":3,"numero":8,"areaM2":750,"source":"OpenStreetMap highways + Territorio OESTE.kml","updatedAt":"2026-09-28","needsReview":false},"geometry":{"type":"Polygon","coordinates":[[[-62.11145160766216,-31.399907961593932],[-62.11143918958295,-31.399854691976365],[-62.11011544889096,-31.40006511207182],[-62.110126596923614,-31.400115977791675],[-62.11145160766216,-31.399907961593932]]]}},{"type":"Feature","properties":{"id":"T04-C01","territorioId":4,"numero":1,"areaM2":10020,"source":"OpenStreetMap highways + Territorio OESTE.kml","updatedAt":"2026-09-28","needsReview":false},"geometry":{"type":"Polygon","coordinates":[[[-62.107528947151344,-31.40168015815666],[-62.108413599960755,-31.401535125361352],[-62.108182191602715,-31.40049661682047],[-62.10729476159113,-31.40064089978764],[-62.107528947151344,-31.40168015815666]]]}},{"type":"Feature","properties":{"id":"T04-C02","territorioId":4,"numero":2,"areaM2":8802,"source":"OpenStreetMap highways + Territorio OESTE.kml","updatedAt":"2026-09-28","needsReview":false},"geometry":{"type":"Polygon","coordinates":[[[-62.10669114712049,-31.401808123652277],[-62.10747718037878,-31.40168834268917],[-62.107243045482996,-31.40064930916515],[-62.10646512414866,-31.40077582102531],[-62.10669114712049,-31.401808123652277]]]}},{"type":"Feature","properties":{"id":"T04-C03","territorioId":4,"numero":3,"areaM2":8417,"source":"OpenStreetMap highways + Territorio OESTE.kml","updatedAt":"2026-09-28","needsReview":false},"geometry":{"type":"Polygon","coordinates":[[[-62.10587875906159,-31.401932085926166],[-62.10663932064048,-31.401816026813083],[-62.10641343211498,-31.4007843382356],[-62.10566498928059,-31.40090925024759],[-62.10587875906159,-31.401932085926166]]]}},{"type":"Feature","properties":{"id":"T04-C04","territorioId":4,"numero":4,"areaM2":7239,"source":"OpenStreetMap highways + Territorio OESTE.kml","updatedAt":"2026-09-28","needsReview":false},"geometry":{"type":"Polygon","coordinates":[[[-62.105176678929034,-31.402042647288898],[-62.10582696289006,-31.40194012090081],[-62.10561322558331,-31.400917440603465],[-62.10496067772362,-31.401015102078517],[-62.10501357785437,-31.401267479785638],[-62.105176678929034,-31.402042647288898]]]}},{"type":"Feature","properties":{"id":"T04-C05","territorioId":4,"numero":5,"areaM2":11011,"source":"OpenStreetMap highways + Territorio OESTE.kml","updatedAt":"2026-09-28","needsReview":false},"geometry":{"type":"Polygon","coordinates":[[[-62.10844464634682,-31.401676158804914],[-62.1075606560897,-31.401821065948997],[-62.10782038392529,-31.402973187052122],[-62.10869671185429,-31.402819985510746],[-62.10844464634682,-31.401676158804914]]]}},{"type":"Feature","properties":{"id":"T04-C06","territorioId":4,"numero":6,"areaM2":9913,"source":"OpenStreetMap highways + Territorio OESTE.kml","updatedAt":"2026-09-28","needsReview":false},"geometry":{"type":"Polygon","coordinates":[[[-62.107508954628265,-31.401829540366144],[-62.106724016832,-31.40195818946581],[-62.106977456618814,-31.403115808431295],[-62.10776877251413,-31.402982060933866],[-62.107508954628265,-31.401829540366144]]]}},{"type":"Feature","properties":{"id":"T04-C07","territorioId":4,"numero":7,"areaM2":9489,"source":"OpenStreetMap highways + Territorio OESTE.kml","updatedAt":"2026-09-28","needsReview":false},"geometry":{"type":"Polygon","coordinates":[[[-62.10667231533809,-31.4019666634782],[-62.10591462813877,-31.40209085454953],[-62.10617994536769,-31.403250546045232],[-62.106925810572235,-31.403124535706525],[-62.10667231533809,-31.4019666634782]]]}},{"type":"Feature","properties":{"id":"T04-C08","territorioId":4,"numero":8,"areaM2":8332,"source":"OpenStreetMap highways + Territorio OESTE.kml","updatedAt":"2026-09-28","needsReview":false},"geometry":{"type":"Polygon","coordinates":[[[-62.10586289498378,-31.402099193232306],[-62.10520823835631,-31.402202903946275],[-62.105463661274825,-31.403365790944086],[-62.106128252807366,-31.403259062166725],[-62.10586289498378,-31.402099193232306]]]}},{"type":"Feature","properties":{"id":"T05-C01","territorioId":5,"numero":1,"areaM2":14954,"source":"OpenStreetMap highways + Territorio OESTE.kml","updatedAt":"2026-09-28","needsReview":false},"geometry":{"type":"Polygon","coordinates":[[[-62.111709282351335,-31.400984071302993],[-62.1114645459763,-31.39996285054181],[-62.11014013248885,-31.400177729578225],[-62.11036733694462,-31.401214050325706],[-62.111709282351335,-31.400984071302993]]]}},{"type":"Feature","properties":{"id":"T05-C02","territorioId":5,"numero":2,"areaM2":9379,"source":"OpenStreetMap highways + Territorio OESTE.kml","updatedAt":"2026-09-28","needsReview":false},"geometry":{"type":"Polygon","coordinates":[[[-62.11023896133277,-31.401235897519452],[-62.10999653814136,-31.40020109187923],[-62.109164604535486,-31.40033684476164],[-62.10940989741252,-31.401372866748925],[-62.11023896133277,-31.401235897519452]]]}},{"type":"Feature","properties":{"id":"T05-C03","territorioId":5,"numero":3,"areaM2":10011,"source":"OpenStreetMap highways + Territorio OESTE.kml","updatedAt":"2026-09-28","needsReview":false},"geometry":{"type":"Polygon","coordinates":[[[-62.1093581930204,-31.401381344915393],[-62.109112887506264,-31.40034526955387],[-62.108233907415,-31.400488207739375],[-62.10846530737989,-31.40152667861368],[-62.1093581930204,-31.401381344915393]]]}},{"type":"Feature","properties":{"id":"T05-C04","territorioId":5,"numero":4,"areaM2":825,"source":"OpenStreetMap highways + Territorio OESTE.kml","updatedAt":"2026-09-28","needsReview":false},"geometry":{"type":"Polygon","coordinates":[[[-62.1121018,-31.4022856],[-62.1115278,-31.399896],[-62.11150339156834,-31.39989983193056],[-62.11151088994241,-31.39993199757485],[-62.111766175630066,-31.40099723785322],[-62.1117661895622,-31.40099729637948],[-62.1117914895622,-31.40110429637948],[-62.11179154082167,-31.4011045188803],[-62.11203024082167,-31.4021686188803],[-62.1120044,-31.4021729],[-62.11203034226004,-31.40217670112168],[-62.112015542260046,-31.40225130112168],[-62.1120149820836,-31.40225347347506],[-62.1120141762281,-31.40225558800979],[-62.112013132493594,-31.4022576242588],[-62.11201186098265,-31.40225956251277],[-62.112010374002494,-31.402261384010888],[-62.11200868594596,-31.40226307112245],[-62.111970685945955,-31.40229747112245],[-62.111968916071994,-31.402298930635098],[-62.11196699576305,-31.402300242192524],[-62.111964941701984,-31.40230139440045],[-62.111962771733644,-31.40230237724897],[-62.1119255630968,-31.402317369740004],[-62.1121018,-31.4022856]]]}},{"type":"Feature","properties":{"id":"T05-C05","territorioId":5,"numero":5,"areaM2":896,"source":"OpenStreetMap highways + Territorio OESTE.kml","updatedAt":"2026-09-28","needsReview":false},"geometry":{"type":"Polygon","coordinates":[[[-62.11173463680605,-31.40109100011865],[-62.11171983189507,-31.40102838646353],[-62.11037707817014,-31.401258504013665],[-62.11039015485104,-31.401318209385664],[-62.11173463680605,-31.40109100011865]]]}},{"type":"Feature","properties":{"id":"T05-C06","territorioId":5,"numero":6,"areaM2":16531,"source":"OpenStreetMap highways + Territorio OESTE.kml","updatedAt":"2026-09-28","needsReview":false},"geometry":{"type":"Polygon","coordinates":[[[-62.11064103217723,-31.402430916169635],[-62.110629220069036,-31.402499399085876],[-62.111888706748005,-31.402282262923258],[-62.11193593260428,-31.402263234189956],[-62.11196500305049,-31.40223691778603],[-62.111977654445774,-31.4021731479152],[-62.11174485933819,-31.40113537131705],[-62.11040006111698,-31.401362634031127],[-62.1106408296878,-31.402423269541664],[-62.11064123372216,-31.402425806364622],[-62.11064130150825,-31.402428366177332],[-62.11064103217723,-31.402430916169635]]]}},{"type":"Feature","properties":{"id":"T05-C07","territorioId":5,"numero":7,"areaM2":10311,"source":"OpenStreetMap highways + Territorio OESTE.kml","updatedAt":"2026-09-28","needsReview":false},"geometry":{"type":"Polygon","coordinates":[[[-62.109440907898545,-31.401513096476958],[-62.10969274353587,-31.402652756183805],[-62.11055474076015,-31.40251189844535],[-62.11051927220079,-31.402463807622876],[-62.11051805903587,-31.402461979882673],[-62.11051704878118,-31.402460063157502],[-62.110516250181725,-31.402458074038968],[-62.110515670150356,-31.402456029745323],[-62.11027233933959,-31.401383923796953],[-62.109440907898545,-31.401513096476958]]]}},{"type":"Feature","properties":{"id":"T05-C08","territorioId":5,"numero":8,"areaM2":11086,"source":"OpenStreetMap highways + Territorio OESTE.kml","updatedAt":"2026-09-28","needsReview":false},"geometry":{"type":"Polygon","coordinates":[[[-62.10938915915413,-31.40152135598953],[-62.10849634763538,-31.40166768444173],[-62.108748311386755,-31.40281104936396],[-62.10922404742858,-31.40272942147795],[-62.109224279168856,-31.40272938264359],[-62.10964103767582,-31.40266120976576],[-62.10938915915413,-31.40152135598953]]]}},{"type":"Feature","properties":{"id":"T06-C01","territorioId":6,"numero":1,"areaM2":3737,"source":"OpenStreetMap highways + Territorio OESTE.kml","updatedAt":"2026-09-28","needsReview":false},"geometry":{"type":"Polygon","coordinates":[[[-62.101888071975246,-31.403975470254274],[-62.101530008648304,-31.404030766515593],[-62.10118399237256,-31.4046812400077],[-62.102030112042364,-31.404540383607213],[-62.101888071975246,-31.403975470254274]]]}},{"type":"Feature","properties":{"id":"T06-C02","territorioId":6,"numero":2,"areaM2":1954,"source":"OpenStreetMap highways + Territorio OESTE.kml","updatedAt":"2026-09-28","needsReview":false},"geometry":{"type":"Polygon","coordinates":[[[-62.100806137717726,-31.40473818639502],[-62.10112063958929,-31.4046915428029],[-62.101466955702044,-31.404040505649373],[-62.101158663664776,-31.404088126690816],[-62.100806137717726,-31.40473818639502]]]}},{"type":"Feature","properties":{"id":"T06-C03","territorioId":6,"numero":3,"areaM2":6084,"source":"OpenStreetMap highways + Territorio OESTE.kml","updatedAt":"2026-09-28","needsReview":false},"geometry":{"type":"Polygon","coordinates":[[[-62.10204123115919,-31.40458460590093],[-62.101156899132704,-31.40473182364156],[-62.100838765276265,-31.405310641582606],[-62.10216717866369,-31.405085516865736],[-62.10204123115919,-31.40458460590093]]]}},{"type":"Feature","properties":{"id":"T06-C04","territorioId":6,"numero":4,"areaM2":1767,"source":"OpenStreetMap highways + Territorio OESTE.kml","updatedAt":"2026-09-28","needsReview":false},"geometry":{"type":"Polygon","coordinates":[[[-62.10077449626256,-31.405321666678013],[-62.10109337857572,-31.40474148698257],[-62.10077905527355,-31.404788104091164],[-62.100457349473324,-31.405378679120602],[-62.10077449626256,-31.405321666678013]]]}},{"type":"Feature","properties":{"id":"T06-C05","territorioId":6,"numero":5,"areaM2":8717,"source":"OpenStreetMap highways + Territorio OESTE.kml","updatedAt":"2026-09-28","needsReview":false},"geometry":{"type":"Polygon","coordinates":[[[-62.10217829704165,-31.40512973622085],[-62.10081116298845,-31.40536142288523],[-62.10061649702011,-31.405735648128932],[-62.100656628695305,-31.4059169296231],[-62.102305054179354,-31.40564571514787],[-62.10228703250401,-31.405562192469798],[-62.10217829704165,-31.40512973622085]]]}},{"type":"Feature","properties":{"id":"T06-C06","territorioId":6,"numero":6,"areaM2":9300,"source":"OpenStreetMap highways + Territorio OESTE.kml","updatedAt":"2026-09-28","needsReview":false},"geometry":{"type":"Polygon","coordinates":[[[-62.100666044648676,-31.40596143440378],[-62.100769680872915,-31.406475473757588],[-62.10243403485903,-31.406209149973595],[-62.10231494393732,-31.40569014197376],[-62.100666044648676,-31.40596143440378]]]}},{"type":"Feature","properties":{"id":"T06-C07","territorioId":6,"numero":7,"areaM2":3604,"source":"OpenStreetMap highways + Territorio OESTE.kml","updatedAt":"2026-09-28","needsReview":false},"geometry":{"type":"Polygon","coordinates":[[[-62.10013650838165,-31.4065593],[-62.10044219560281,-31.405959723672517],[-62.10044227767419,-31.405959564369383],[-62.10056507622879,-31.405723667146017],[-62.10074764062472,-31.40537270592516],[-62.100429501890495,-31.405429896686456],[-62.100368307057,-31.405544865877566],[-62.09982885182444,-31.4065593],[-62.10013650838165,-31.4065593]]]}},{"type":"Feature","properties":{"id":"T06-C08","territorioId":6,"numero":8,"areaM2":1813,"source":"OpenStreetMap highways + Territorio OESTE.kml","updatedAt":"2026-09-28","needsReview":false},"geometry":{"type":"Polygon","coordinates":[[[-62.1001953693335,-31.4065593],[-62.100717858607155,-31.406483385741712],[-62.100614267761756,-31.4059695714686],[-62.100484736420405,-31.405988993523323],[-62.10019397210222,-31.4065593],[-62.1001953693335,-31.4065593]]]}},{"type":"Feature","properties":{"id":"T07-C01","territorioId":7,"numero":1,"areaM2":9540,"source":"OpenStreetMap highways + Territorio OESTE.kml","updatedAt":"2026-09-28","needsReview":false},"geometry":{"type":"Polygon","coordinates":[[[-62.10539777782697,-31.403422047664883],[-62.10460724734504,-31.40354296852954],[-62.10473016833597,-31.40410794341275],[-62.10484578301156,-31.404639348408395],[-62.105649177141636,-31.40451786819417],[-62.105484183256024,-31.403756603998225],[-62.10539777782697,-31.403422047664883]]]}},{"type":"Feature","properties":{"id":"T07-C02","territorioId":7,"numero":2,"areaM2":15488,"source":"OpenStreetMap highways + Territorio OESTE.kml","updatedAt":"2026-09-28","needsReview":false},"geometry":{"type":"Polygon","coordinates":[[[-62.10467363886325,-31.404094227704736],[-62.104555460649195,-31.40355105178196],[-62.10198915443274,-31.403959735483266],[-62.10210844752455,-31.404527281404942],[-62.10467363886325,-31.404094227704736]]]}},{"type":"Feature","properties":{"id":"T07-C03","territorioId":7,"numero":3,"areaM2":14117,"source":"OpenStreetMap highways + Territorio OESTE.kml","updatedAt":"2026-09-28","needsReview":false},"geometry":{"type":"Polygon","coordinates":[[[-62.10223488725961,-31.405074114326094],[-62.104794027421164,-31.404647574627074],[-62.10468331270652,-31.40413869154497],[-62.10211827147027,-31.40457171990499],[-62.10223488725961,-31.405074114326094]]]}},{"type":"Feature","properties":{"id":"T08-C01","territorioId":8,"numero":1,"areaM2":9515,"source":"OpenStreetMap highways + Territorio OESTE.kml","updatedAt":"2026-09-28","needsReview":false},"geometry":{"type":"Polygon","coordinates":[[[-62.10485545806052,-31.404683812768408],[-62.104976068093904,-31.405238042300326],[-62.105093459320564,-31.405777446341116],[-62.10589598797977,-31.405652795297613],[-62.10565883128418,-31.40456233571541],[-62.10485545806052,-31.404683812768408]]]}},{"type":"Feature","properties":{"id":"T08-C02","territorioId":8,"numero":2,"areaM2":14631,"source":"OpenStreetMap highways + Territorio OESTE.kml","updatedAt":"2026-09-28","needsReview":false},"geometry":{"type":"Polygon","coordinates":[[[-62.102356767363496,-31.405637292842112],[-62.104919496752224,-31.405224139108185],[-62.10480370212972,-31.404692037444335],[-62.102244834361244,-31.40511853174277],[-62.102356767363496,-31.405637292842112]]]}},{"type":"Feature","properties":{"id":"T08-C03","territorioId":8,"numero":3,"areaM2":14505,"source":"OpenStreetMap highways + Territorio OESTE.kml","updatedAt":"2026-09-28","needsReview":false},"geometry":{"type":"Polygon","coordinates":[[[-62.10416376968371,-31.405933983856393],[-62.10504173716903,-31.40578582623604],[-62.10492917268062,-31.405268600702126],[-62.10236665820272,-31.405681719788927],[-62.102485787058306,-31.406200893107723],[-62.10416376968371,-31.405933983856393]]]}},{"type":"Feature","properties":{"id":"T09-C01","territorioId":9,"numero":1,"areaM2":8941,"source":"OpenStreetMap highways + Territorio OESTE.kml","updatedAt":"2026-09-28","needsReview":false},"geometry":{"type":"Polygon","coordinates":[[[-62.10630650026566,-31.40380359103122],[-62.10789691745012,-31.40355061193824],[-62.107778782354,-31.403026468079645],[-62.10696157634833,-31.40316459150005],[-62.10619010049512,-31.403294928634665],[-62.10630650026566,-31.40380359103122]]]}},{"type":"Feature","properties":{"id":"T09-C02","territorioId":9,"numero":2,"areaM2":8985,"source":"OpenStreetMap highways + Territorio OESTE.kml","updatedAt":"2026-09-28","needsReview":false},"geometry":{"type":"Polygon","coordinates":[[[-62.10802188796916,-31.40410493113272],[-62.1079069279474,-31.403595020387545],[-62.10631665607369,-31.403847976366727],[-62.106437728750095,-31.404377173693387],[-62.10802188796916,-31.40410493113272]]]}},{"type":"Feature","properties":{"id":"T09-C03","territorioId":9,"numero":3,"areaM2":7960,"source":"OpenStreetMap highways + Territorio OESTE.kml","updatedAt":"2026-09-28","needsReview":false},"geometry":{"type":"Polygon","coordinates":[[[-62.106259877873754,-31.403834263636597],[-62.10613840837487,-31.403303446727524],[-62.10547336148426,-31.403410248632223],[-62.10571119810569,-31.40450760144449],[-62.10638616181865,-31.40438623892963],[-62.106259877873754,-31.403834263636597]]]}},{"type":"Feature","properties":{"id":"T10-C01","territorioId":10,"numero":1,"areaM2":9228,"source":"OpenStreetMap highways + Territorio OESTE.kml","updatedAt":"2026-09-28","needsReview":false},"geometry":{"type":"Polygon","coordinates":[[[-62.10656838366723,-31.404948119146248],[-62.108154034366926,-31.404691284989063],[-62.10803189786737,-31.404149338917623],[-62.106447884132145,-31.40442155647645],[-62.10656838366723,-31.404948119146248]]]}},{"type":"Feature","properties":{"id":"T10-C02","territorioId":10,"numero":2,"areaM2":9168,"source":"OpenStreetMap highways + Territorio OESTE.kml","updatedAt":"2026-09-28","needsReview":false},"geometry":{"type":"Polygon","coordinates":[[[-62.10670105325236,-31.405527885346338],[-62.10828296257067,-31.40526312011363],[-62.10816404456786,-31.4047356924778],[-62.10657854032109,-31.404992502913423],[-62.10670105325236,-31.405527885346338]]]}},{"type":"Feature","properties":{"id":"T10-C03","territorioId":10,"numero":3,"areaM2":8175,"source":"OpenStreetMap highways + Territorio OESTE.kml","updatedAt":"2026-09-28","needsReview":false},"geometry":{"type":"Polygon","coordinates":[[[-62.10664931777955,-31.405536213986046],[-62.10652177798678,-31.404978864130527],[-62.10639631790878,-31.4044306247237],[-62.1057208538034,-31.404552077212113],[-62.10595814584223,-31.405643159082707],[-62.10664931777955,-31.405536213986046]]]}},{"type":"Feature","properties":{"id":"T11-C01","territorioId":11,"numero":1,"areaM2":22752,"source":"OpenStreetMap highways + Territorio OESTE.kml","updatedAt":"2026-09-28","needsReview":false},"geometry":{"type":"Polygon","coordinates":[[[-62.1120884,-31.4047038],[-62.1115413,-31.4024191],[-62.110632501622774,-31.40256460161236],[-62.11112009079546,-31.404794692286846],[-62.11203870591578,-31.40466100123978],[-62.11204749408422,-31.404705598760216],[-62.11112968608915,-31.40483917234196],[-62.11113269098863,-31.40485328690931],[-62.1120884,-31.4047038]]]}},{"type":"Feature","properties":{"id":"T11-C02","territorioId":11,"numero":2,"areaM2":32146,"source":"OpenStreetMap highways + Territorio OESTE.kml","updatedAt":"2026-09-28","needsReview":false},"geometry":{"type":"Polygon","coordinates":[[[-62.10926290351548,-31.40278387877867],[-62.10974602402477,-31.405030515822315],[-62.11106833388561,-31.404802912996917],[-62.1105807586006,-31.402572885840573],[-62.10926290351548,-31.40278387877867]]]}},{"type":"Feature","properties":{"id":"T11-C03","territorioId":11,"numero":3,"areaM2":33428,"source":"OpenStreetMap highways + Territorio OESTE.kml","updatedAt":"2026-09-28","needsReview":false},"geometry":{"type":"Polygon","coordinates":[[[-62.10812713660041,-31.402965718801223],[-62.10783039417379,-31.403017595953195],[-62.107953636279554,-31.403564398681418],[-62.10807853649719,-31.404118399647007],[-62.10821073628707,-31.404704998714713],[-62.10833467435818,-31.405254691463],[-62.10969433788929,-31.40503906455097],[-62.10921116050112,-31.402792163005632],[-62.10812713660041,-31.402965718801223]]]}},{"type":"Feature","properties":{"id":"T12-C01","territorioId":12,"numero":1,"areaM2":9134,"source":"OpenStreetMap highways + Territorio OESTE.kml","updatedAt":"2026-09-28","needsReview":false},"geometry":{"type":"Polygon","coordinates":[[[-62.10332822200836,-31.406112891492228],[-62.10249566769382,-31.406245322213152],[-62.1026054024475,-31.406754719586075],[-62.1042662848212,-31.40649545516884],[-62.104151601676286,-31.405998375969933],[-62.10332822200836,-31.406112891492228]]]}},{"type":"Feature","properties":{"id":"T12-C02","territorioId":12,"numero":2,"areaM2":9831,"source":"OpenStreetMap highways + Territorio OESTE.kml","updatedAt":"2026-09-28","needsReview":false},"geometry":{"type":"Polygon","coordinates":[[[-62.104386428404865,-31.40701351713813],[-62.10427654896355,-31.406539825558514],[-62.10261498795251,-31.406799195911315],[-62.102733750612046,-31.40734999936895],[-62.104400291449224,-31.407075151010986],[-62.104386428404865,-31.40701351713813]]]}},{"type":"Feature","properties":{"id":"T12-C03","territorioId":12,"numero":3,"areaM2":9452,"source":"OpenStreetMap highways + Territorio OESTE.kml","updatedAt":"2026-09-28","needsReview":false},"geometry":{"type":"Polygon","coordinates":[[[-62.104410280504034,-31.407119561467926],[-62.10274333620351,-31.40739447636566],[-62.10285478501871,-31.407911838344976],[-62.104520765750195,-31.407646363888635],[-62.10441371908319,-31.40713484908768],[-62.104410280504034,-31.407119561467926]]]}},{"type":"Feature","properties":{"id":"T12-C04","territorioId":12,"numero":4,"areaM2":9818,"source":"OpenStreetMap highways + Territorio OESTE.kml","updatedAt":"2026-09-28","needsReview":false},"geometry":{"type":"Polygon","coordinates":[[[-62.10465345801738,-31.408229170446294],[-62.10453049236208,-31.407690817454323],[-62.102864491600585,-31.40795629510245],[-62.102984859478745,-31.408500335893198],[-62.10465345801738,-31.408229170446294]]]}},{"type":"Feature","properties":{"id":"T13-C01","territorioId":13,"numero":1,"areaM2":4633,"source":"OpenStreetMap highways + Territorio OESTE.kml","updatedAt":"2026-09-28","needsReview":false},"geometry":{"type":"Polygon","coordinates":[[[-62.104203306795746,-31.405989912228417],[-62.10431805864615,-31.406487289222312],[-62.105164987741425,-31.40635229340036],[-62.10505517021611,-31.405847560297424],[-62.104203306795746,-31.405989912228417]]]}},{"type":"Feature","properties":{"id":"T13-C02","territorioId":13,"numero":2,"areaM2":14502,"source":"OpenStreetMap highways + Territorio OESTE.kml","updatedAt":"2026-09-28","needsReview":false},"geometry":{"type":"Polygon","coordinates":[[[-62.105106837111485,-31.405838926422383],[-62.10522156840545,-31.40636624373212],[-62.105349268250585,-31.406953243020258],[-62.10546640813469,-31.407491510389363],[-62.10627790838924,-31.407357802057266],[-62.10590756481132,-31.405705119603656],[-62.105106837111485,-31.405838926422383]]]}},{"type":"Feature","properties":{"id":"T13-C03","territorioId":13,"numero":3,"areaM2":4938,"source":"OpenStreetMap highways + Territorio OESTE.kml","updatedAt":"2026-09-28","needsReview":false},"geometry":{"type":"Polygon","coordinates":[[[-62.10445247397514,-31.407066873330432],[-62.105292648219695,-31.406939108804735],[-62.105174660961175,-31.406396755470734],[-62.10432832301578,-31.406531657066658],[-62.10445247397514,-31.407066873330432]]]}},{"type":"Feature","properties":{"id":"T13-C04","territorioId":13,"numero":4,"areaM2":4762,"source":"OpenStreetMap highways + Territorio OESTE.kml","updatedAt":"2026-09-28","needsReview":false},"geometry":{"type":"Polygon","coordinates":[[[-62.104572493853915,-31.40763800370127],[-62.105414710908676,-31.407500004821365],[-62.10530232291187,-31.406983572763682],[-62.104462272413,-31.407111318471483],[-62.104572493853915,-31.40763800370127]]]}},{"type":"Feature","properties":{"id":"T13-C05","territorioId":13,"numero":5,"areaM2":9888,"source":"OpenStreetMap highways + Territorio OESTE.kml","updatedAt":"2026-09-28","needsReview":false},"geometry":{"type":"Polygon","coordinates":[[[-62.10636051177988,-31.407711416275667],[-62.10628807728014,-31.407402182894618],[-62.10545035530588,-31.407540211696595],[-62.1054503287577,-31.40754021605871],[-62.10458222046406,-31.407682457267764],[-62.104705124499766,-31.408220540484486],[-62.10640606276555,-31.40792868919384],[-62.10636051177988,-31.407711416275667]]]}},{"type":"Feature","properties":{"id":"T14-C01","territorioId":14,"numero":1,"areaM2":8923,"source":"OpenStreetMap highways + Territorio OESTE.kml","updatedAt":"2026-09-28","needsReview":false},"geometry":{"type":"Polygon","coordinates":[[[-62.10841216721741,-31.405828415879277],[-62.10829304365609,-31.405307515171096],[-62.106711208972285,-31.405572267912174],[-62.1068287799475,-31.406086100028578],[-62.10841216721741,-31.405828415879277]]]}},{"type":"Feature","properties":{"id":"T14-C02","territorioId":14,"numero":2,"areaM2":8739,"source":"OpenStreetMap highways + Territorio OESTE.kml","updatedAt":"2026-09-28","needsReview":false},"geometry":{"type":"Polygon","coordinates":[[[-62.10853874924885,-31.406382032993086],[-62.108422316475085,-31.40587280055362],[-62.10683893532868,-31.406130483706367],[-62.10695429867859,-31.406634681296342],[-62.10853874924885,-31.406382032993086]]]}},{"type":"Feature","properties":{"id":"T14-C03","territorioId":14,"numero":3,"areaM2":12490,"source":"OpenStreetMap highways + Territorio OESTE.kml","updatedAt":"2026-09-28","needsReview":false},"geometry":{"type":"Polygon","coordinates":[[[-62.105969538846445,-31.405694648839763],[-62.106339921919016,-31.40734750754082],[-62.107036993777406,-31.407230928281745],[-62.106907677526124,-31.40666536211727],[-62.10678217786819,-31.406116863612258],[-62.106659474795784,-31.405580602181477],[-62.1064224712885,-31.405617273755695],[-62.105969538846445,-31.405694648839763]]]}},{"type":"Feature","properties":{"id":"T14-C04","territorioId":14,"numero":4,"areaM2":9292,"source":"OpenStreetMap highways + Territorio OESTE.kml","updatedAt":"2026-09-28","needsReview":false},"geometry":{"type":"Polygon","coordinates":[[[-62.10861067875378,-31.40669822540195],[-62.10854887148033,-31.406426423461962],[-62.10696445087082,-31.406679066987827],[-62.10708867215761,-31.407222350264437],[-62.10866690143613,-31.406962371384143],[-62.10861067875378,-31.40669822540195]]]}},{"type":"Feature","properties":{"id":"T14-C05","territorioId":14,"numero":5,"areaM2":13498,"source":"OpenStreetMap highways + Territorio OESTE.kml","updatedAt":"2026-09-28","needsReview":false},"geometry":{"type":"Polygon","coordinates":[[[-62.108676372242925,-31.40700686722566],[-62.107072890617836,-31.407271005879743],[-62.106350092597765,-31.40739188761758],[-62.10647322177469,-31.40791754392534],[-62.10879159654565,-31.407548215225177],[-62.108676372242925,-31.40700686722566]]]}},{"type":"Feature","properties":{"id":"T15-C01","territorioId":15,"numero":1,"areaM2":25526,"source":"OpenStreetMap highways + Territorio OESTE.kml","updatedAt":"2026-09-28","needsReview":false},"geometry":{"type":"Polygon","coordinates":[[[-62.1120884,-31.4047038],[-62.11113269098863,-31.40485328690931],[-62.11161286346825,-31.407108745649936],[-62.1122988566684,-31.40699576193416],[-62.112744895438425,-31.40691975217953],[-62.1120884,-31.4047038]]]}},{"type":"Feature","properties":{"id":"T15-C02","territorioId":15,"numero":2,"areaM2":32291,"source":"OpenStreetMap highways + Territorio OESTE.kml","updatedAt":"2026-09-28","needsReview":false},"geometry":{"type":"Polygon","coordinates":[[[-62.110157511886584,-31.405005819226425],[-62.10975563002814,-31.405074993214434],[-62.11024163618316,-31.407315320076425],[-62.11156109283634,-31.407116901201068],[-62.11108090843467,-31.404861386460382],[-62.110157511886584,-31.405005819226425]]]}},{"type":"Feature","properties":{"id":"T15-C03","territorioId":15,"numero":3,"areaM2":32786,"source":"OpenStreetMap highways + Territorio OESTE.kml","updatedAt":"2026-09-28","needsReview":false},"geometry":{"type":"Polygon","coordinates":[[[-62.11018984472404,-31.407323380733853],[-62.10970394346934,-31.405083537427448],[-62.10834475670538,-31.405299088729723],[-62.10846892282591,-31.405842039422343],[-62.1085955228259,-31.40639573942234],[-62.10859552804229,-31.40639576229914],[-62.10872732277585,-31.40697533913958],[-62.108856646912166,-31.407537813171167],[-62.11018984472404,-31.407323380733853]]]}},{"type":"Feature","properties":{"id":"T16-C01","territorioId":16,"numero":1,"areaM2":9766,"source":"OpenStreetMap highways + Territorio OESTE.kml","updatedAt":"2026-09-28","needsReview":false},"geometry":{"type":"Polygon","coordinates":[[[-62.11233693009141,-31.40704460964533],[-62.11265903305337,-31.408423422804223],[-62.11330906287454,-31.408312536998903],[-62.11298425450147,-31.406934298674894],[-62.11233693009141,-31.40704460964533]]]}},{"type":"Feature","properties":{"id":"T16-C02","territorioId":16,"numero":2,"areaM2":9578,"source":"OpenStreetMap highways + Territorio OESTE.kml","updatedAt":"2026-09-28","needsReview":false},"geometry":{"type":"Polygon","coordinates":[[[-62.11166591235632,-31.407222593879492],[-62.11197029762371,-31.408539564191475],[-62.11260739510198,-31.40843217885868],[-62.11228526900153,-31.407053266651793],[-62.11163312888461,-31.407160674733394],[-62.111663948183924,-31.407217436860602],[-62.11166511089112,-31.40721996456227],[-62.11166591235632,-31.407222593879492]]]}},{"type":"Feature","properties":{"id":"T16-C03","territorioId":16,"numero":3,"areaM2":7763,"source":"OpenStreetMap highways + Territorio OESTE.kml","updatedAt":"2026-09-28","needsReview":false},"geometry":{"type":"Polygon","coordinates":[[[-62.11297784363989,-31.40955136169803],[-62.113576683803174,-31.409446164648312],[-62.11331951951387,-31.408356868228555],[-62.11266939294543,-31.408467770537577],[-62.112924552527325,-31.40956004945533],[-62.11297784363989,-31.40955136169803]]]}},{"type":"Feature","properties":{"id":"T16-C04","territorioId":16,"numero":4,"areaM2":7570,"source":"OpenStreetMap highways + Territorio OESTE.kml","updatedAt":"2026-09-28","needsReview":false},"geometry":{"type":"Polygon","coordinates":[[[-62.11287283855996,-31.409568480099317],[-62.112617755072996,-31.408476526926286],[-62.11198064235422,-31.40858391482793],[-62.112236770866375,-31.40967217472087],[-62.11287283855996,-31.409568480099317]]]}},{"type":"Feature","properties":{"id":"T17-C01","territorioId":17,"numero":1,"areaM2":5513,"source":"OpenStreetMap highways + Territorio OESTE.kml","updatedAt":"2026-09-28","needsReview":false},"geometry":{"type":"Polygon","coordinates":[[[-62.09481851237432,-31.412334347236005],[-62.09474037648998,-31.412346734541682],[-62.094853052148295,-31.412869114740104],[-62.09584588735056,-31.41270597146645],[-62.095744461264424,-31.412210649111824],[-62.09481851237432,-31.412334347236005]]]}},{"type":"Feature","properties":{"id":"T17-C02","territorioId":17,"numero":2,"areaM2":3192,"source":"OpenStreetMap highways + Territorio OESTE.kml","updatedAt":"2026-09-28","needsReview":false},"geometry":{"type":"Polygon","coordinates":[[[-62.0940744997245,-31.412996996445553],[-62.09480135426495,-31.412877608042514],[-62.09468706006879,-31.412347724075],[-62.09441948909814,-31.412300986415797],[-62.09438380308516,-31.412353266548465],[-62.0940744997245,-31.412996996445553]]]}},{"type":"Feature","properties":{"id":"T17-C03","territorioId":17,"numero":3,"areaM2":5364,"source":"OpenStreetMap highways + Territorio OESTE.kml","updatedAt":"2026-09-28","needsReview":false},"geometry":{"type":"Polygon","coordinates":[[[-62.09596220384703,-31.41325343886776],[-62.095855184870516,-31.412750495609],[-62.09486332728215,-31.41291347824052],[-62.09498649502383,-31.413411384525123],[-62.09596220384703,-31.41325343886776]]]}},{"type":"Feature","properties":{"id":"T17-C04","territorioId":17,"numero":4,"areaM2":5322,"source":"OpenStreetMap highways + Territorio OESTE.kml","updatedAt":"2026-09-28","needsReview":false},"geometry":{"type":"Polygon","coordinates":[[[-62.095971600767065,-31.413297945658528],[-62.09499695193042,-31.413455719727533],[-62.09511064490683,-31.41396168567467],[-62.0960768992429,-31.41380054833113],[-62.095971600767065,-31.413297945658528]]]}},{"type":"Feature","properties":{"id":"T17-C05","territorioId":17,"numero":5,"areaM2":19185,"source":"OpenStreetMap highways + Territorio OESTE.kml","updatedAt":"2026-09-28","needsReview":false},"geometry":{"type":"Polygon","coordinates":[[[-62.09407262520292,-31.414690476825626],[-62.0941065536987,-31.414684887689955],[-62.09411255214483,-31.414711780723426],[-62.094116946676515,-31.41473144118212],[-62.094128260472836,-31.414743550923912],[-62.094175783089696,-31.41476605249204],[-62.0942228225599,-31.414777568746516],[-62.094275273616525,-31.414778784189895],[-62.09435345439679,-31.41477888059036],[-62.09520760854253,-31.4146344565213],[-62.09506395881355,-31.413992479502358],[-62.09494030744226,-31.413442195913856],[-62.094811619264114,-31.41292197323398],[-62.094050476804625,-31.413046993547763],[-62.093973550688325,-31.413207094106728],[-62.09396014651575,-31.413250065701448],[-62.093926642453205,-31.413386849248834],[-62.09390694600751,-31.413493366843245],[-62.093896457794365,-31.41362579278676],[-62.09389801732636,-31.413741295625538],[-62.09390213505943,-31.413770345386233],[-62.09393011918382,-31.413921375071144],[-62.09409694173503,-31.414665910987395],[-62.09410239124775,-31.41467473328616],[-62.094099240539194,-31.41467617064505],[-62.094101378643735,-31.414685713093665],[-62.09407262420311,-31.41469047142966],[-62.09407262520292,-31.414690476825626]]]}},{"type":"Feature","properties":{"id":"T17-C06","territorioId":17,"numero":6,"areaM2":6579,"source":"OpenStreetMap highways + Territorio OESTE.kml","updatedAt":"2026-09-28","needsReview":false},"geometry":{"type":"Polygon","coordinates":[[[-62.09608709546077,-31.41384492421096],[-62.09512060433797,-31.414006101042265],[-62.095259266942044,-31.414625790378466],[-62.096241622534194,-31.41446228599709],[-62.09608709546077,-31.41384492421096]]]}},{"type":"Feature","properties":{"id":"T18-C01","territorioId":18,"numero":1,"areaM2":3745,"source":"OpenStreetMap highways + Territorio OESTE.kml","updatedAt":"2026-09-28","needsReview":false},"geometry":{"type":"Polygon","coordinates":[[[-62.0984366,-31.4129274],[-62.0981738,-31.4116913],[-62.097837500573284,-31.41183286976593],[-62.0978361,-31.4118496],[-62.097858645189426,-31.41183793383815],[-62.09788064518943,-31.41186933383815],[-62.097881735969715,-31.411871055358993],[-62.09788264919583,-31.4118728515843],[-62.097883378007595,-31.41187470902077],[-62.09788391693015,-31.411876613715275],[-62.09799354506016,-31.412353166336263],[-62.09827465892316,-31.412306985962417],[-62.098284541076836,-31.41235141403758],[-62.09800405532802,-31.412397491227086],[-62.09812736479804,-31.41290277499871],[-62.09840733060506,-31.412857474275267],[-62.098417069394934,-31.412901925724736],[-62.09813822591127,-31.41294704484721],[-62.09814513305865,-31.412975056293032],[-62.0984366,-31.4129274]]]}},{"type":"Feature","properties":{"id":"T18-C02","territorioId":18,"numero":2,"areaM2":11111,"source":"OpenStreetMap highways + Territorio OESTE.kml","updatedAt":"2026-09-28","needsReview":false},"geometry":{"type":"Polygon","coordinates":[[[-62.09579602476885,-31.41220147546946],[-62.09589758990773,-31.41269747689918],[-62.09794184682494,-31.412361659068374],[-62.09783317706357,-31.411889272468393],[-62.09782059619184,-31.411871316133286],[-62.097763164564725,-31.411867765253117],[-62.097528891182854,-31.411904876592637],[-62.09579602476885,-31.41220147546946]]]}},{"type":"Feature","properties":{"id":"T18-C03","territorioId":18,"numero":3,"areaM2":11276,"source":"OpenStreetMap highways + Territorio OESTE.kml","updatedAt":"2026-09-28","needsReview":false},"geometry":{"type":"Polygon","coordinates":[[[-62.098075630345036,-31.41291115006559],[-62.09795234987962,-31.41240598514577],[-62.09590688349811,-31.41274200165986],[-62.096013927764574,-31.4132450637705],[-62.098075630345036,-31.41291115006559]]]}},{"type":"Feature","properties":{"id":"T18-C04","territorioId":18,"numero":4,"areaM2":668,"source":"OpenStreetMap highways + Territorio OESTE.kml","updatedAt":"2026-09-28","needsReview":false},"geometry":{"type":"Polygon","coordinates":[[[-62.09809341612605,-31.41298351226846],[-62.098086489081,-31.412955420129066],[-62.09602332563941,-31.4132895704352],[-62.096029891235816,-31.413320908840397],[-62.09809341612605,-31.41298351226846]]]}},{"type":"Feature","properties":{"id":"T19-C01","territorioId":19,"numero":1,"areaM2":3596,"source":"OpenStreetMap highways + Territorio OESTE.kml","updatedAt":"2026-09-28","needsReview":false},"geometry":{"type":"Polygon","coordinates":[[[-62.098442,-31.4129274],[-62.09814534233588,-31.412975905001993],[-62.09825898196204,-31.413436762438042],[-62.098521986268636,-31.413392897988853],[-62.09853201373136,-31.41343730201115],[-62.09827005310474,-31.41348099239305],[-62.09842683173666,-31.414098494897466],[-62.09873502043322,-31.414047184901168],[-62.098442,-31.4129274]]]}},{"type":"Feature","properties":{"id":"T19-C02","territorioId":19,"numero":2,"areaM2":10507,"source":"OpenStreetMap highways + Territorio OESTE.kml","updatedAt":"2026-09-28","needsReview":false},"geometry":{"type":"Polygon","coordinates":[[[-62.09603007008799,-31.413321762524006],[-62.096128573643014,-31.413791932197626],[-62.09820730474471,-31.41344537947595],[-62.09809362540328,-31.412984360977422],[-62.09603007008799,-31.413321762524006]]]}},{"type":"Feature","properties":{"id":"T19-C03","territorioId":19,"numero":3,"areaM2":14057,"source":"OpenStreetMap highways + Territorio OESTE.kml","updatedAt":"2026-09-28","needsReview":false},"geometry":{"type":"Polygon","coordinates":[[[-62.097321495255315,-31.414282496491424],[-62.09834929885095,-31.414111395893073],[-62.09837514409768,-31.414107096588168],[-62.098218369644755,-31.413489610543486],[-62.096138775739554,-31.413836307106234],[-62.09629330619549,-31.414453682406076],[-62.097321495255315,-31.414282496491424]]]}},{"type":"Feature","properties":{"id":"T20-C01","territorioId":20,"numero":1,"areaM2":93232,"source":"OpenStreetMap highways + Territorio OESTE.kml","updatedAt":"2026-09-28","needsReview":false},"geometry":{"type":"Polygon","coordinates":[[[-62.1142872,-31.4092897],[-62.1145554,-31.4107548],[-62.1207245,-31.4097933],[-62.12064687872468,-31.409346733822193],[-62.12061584541184,-31.409207395777425],[-62.118007955781785,-31.409631170517322],[-62.118091998724616,-31.409989835304724],[-62.11804040127539,-31.409998764695278],[-62.11795626450448,-31.409639699483712],[-62.11620430163675,-31.409933236498546],[-62.11606575570798,-31.40996584116501],[-62.11598693008241,-31.41002140066734],[-62.115919163360545,-31.41008612720341],[-62.11591725773696,-31.410087769535885],[-62.11591516641229,-31.41008923550822],[-62.11591291138038,-31.41009050970323],[-62.115823411380376,-31.410135609703232],[-62.1158212187468,-31.41013659853728],[-62.115818927674084,-31.410137405888793],[-62.11581655844609,-31.410138024609935],[-62.11560925844609,-31.410183124609937],[-62.1155963415539,-31.410139275390065],[-62.115800015382746,-31.410094964296572],[-62.115882767107756,-31.410053264823972],[-62.11594913663946,-31.40998987279659],[-62.1159505219891,-31.409988646178714],[-62.11595201118427,-31.40998751298532],[-62.116036711184265,-31.40992781298532],[-62.116038933689346,-31.40992640728143],[-62.116041315257704,-31.40992520931106],[-62.11604382970296,-31.409924232246397],[-62.11604644937773,-31.409923486830692],[-62.11619134937773,-31.40988938683069],[-62.11619326410421,-31.409889001693962],[-62.11797186410421,-31.40959100169396],[-62.11797201058092,-31.40959097752223],[-62.12060598244301,-31.40916296449289],[-62.120432894461054,-31.408380642329014],[-62.1142872,-31.4092897]]]}},{"type":"Feature","properties":{"id":"T21-C01","territorioId":21,"numero":1,"areaM2":10345,"source":"OpenStreetMap highways + Territorio OESTE.kml","updatedAt":"2026-09-28","needsReview":false},"geometry":{"type":"Polygon","coordinates":[[[-62.096371673822276,-31.41502193259673],[-62.09625230108311,-31.414506581655235],[-62.09608892298443,-31.414533774491687],[-62.09527020432145,-31.41467983326956],[-62.09544660083894,-31.415622916205727],[-62.09647038829661,-31.415458848311204],[-62.096371673822276,-31.41502193259673]]]}},{"type":"Feature","properties":{"id":"T21-C02","territorioId":21,"numero":2,"areaM2":10604,"source":"OpenStreetMap highways + Territorio OESTE.kml","updatedAt":"2026-09-28","needsReview":false},"geometry":{"type":"Polygon","coordinates":[[[-62.0942844,-31.4148557],[-62.094177056963595,-31.414928389528832],[-62.09416859667793,-31.414940169301584],[-62.09416550827826,-31.414948945829767],[-62.09416996065565,-31.414968918954646],[-62.094190947778706,-31.415063460947067],[-62.09435677895167,-31.415797467778237],[-62.09539484296031,-31.41563120836391],[-62.095218616840086,-31.414689036436435],[-62.0942844,-31.4148557]]]}},{"type":"Feature","properties":{"id":"T21-C03","territorioId":21,"numero":3,"areaM2":9896,"source":"OpenStreetMap highways + Territorio OESTE.kml","updatedAt":"2026-09-28","needsReview":false},"geometry":{"type":"Polygon","coordinates":[[[-62.096480420807886,-31.41550325276013],[-62.095455492172285,-31.41566750353496],[-62.095645016960084,-31.416560651002257],[-62.096664689562154,-31.41639102286788],[-62.09650373425166,-31.41560643934965],[-62.096480420807886,-31.41550325276013]]]}},{"type":"Feature","properties":{"id":"T21-C04","territorioId":21,"numero":4,"areaM2":10142,"source":"OpenStreetMap highways + Territorio OESTE.kml","updatedAt":"2026-09-28","needsReview":false},"geometry":{"type":"Polygon","coordinates":[[[-62.095403749961534,-31.415675793113795],[-62.09436618325716,-31.4158419728784],[-62.09445604772482,-31.416299213211197],[-62.09455383410717,-31.416742105619964],[-62.09559333958966,-31.41656924614524],[-62.095403749961534,-31.415675793113795]]]}},{"type":"Feature","properties":{"id":"T21-C05","territorioId":21,"numero":5,"areaM2":9205,"source":"OpenStreetMap highways + Territorio OESTE.kml","updatedAt":"2026-09-28","needsReview":false},"geometry":{"type":"Polygon","coordinates":[[[-62.09686562875424,-31.417262301285447],[-62.09667439328849,-31.416435480750646],[-62.09565477685704,-31.416605099540803],[-62.09584250042921,-31.41743191842892],[-62.09686562875424,-31.417262301285447]]]}},{"type":"Feature","properties":{"id":"T21-C06","territorioId":21,"numero":6,"areaM2":9440,"source":"OpenStreetMap highways + Territorio OESTE.kml","updatedAt":"2026-09-28","needsReview":false},"geometry":{"type":"Polygon","coordinates":[[[-62.09474281462971,-31.417620086425668],[-62.095790850683834,-31.41744062176157],[-62.09560310243314,-31.41661369417812],[-62.094563525079316,-31.416786565604294],[-62.09474281462971,-31.417620086425668]]]}},{"type":"Feature","properties":{"id":"T22-C01","territorioId":22,"numero":1,"areaM2":10306,"source":"OpenStreetMap highways + Territorio OESTE.kml","updatedAt":"2026-09-28","needsReview":false},"geometry":{"type":"Polygon","coordinates":[[[-62.098473446609695,-31.414777125956327],[-62.09833349849152,-31.41416009952912],[-62.09735704570855,-31.41432265165129],[-62.09756046394395,-31.415284204296913],[-62.098548729185424,-31.41512590702816],[-62.098473446609695,-31.414777125956327]]]}},{"type":"Feature","properties":{"id":"T22-C02","territorioId":22,"numero":2,"areaM2":10335,"source":"OpenStreetMap highways + Territorio OESTE.kml","updatedAt":"2026-09-28","needsReview":false},"geometry":{"type":"Polygon","coordinates":[[[-62.09750872146169,-31.41529249316332],[-62.097305369713105,-31.414331254799077],[-62.09630397451732,-31.41449797973244],[-62.09652453454749,-31.415450172167713],[-62.09750872146169,-31.41529249316332]]]}},{"type":"Feature","properties":{"id":"T22-C03","territorioId":22,"numero":3,"areaM2":9423,"source":"OpenStreetMap highways + Territorio OESTE.kml","updatedAt":"2026-09-28","needsReview":false},"geometry":{"type":"Polygon","coordinates":[[[-62.09871941207433,-31.4158669773634],[-62.098593390592676,-31.41531861902091],[-62.09855871185423,-31.41517031949121],[-62.097570255601454,-31.41532864735556],[-62.09777145449905,-31.416207012836143],[-62.09875416613494,-31.4160435919885],[-62.09871941207433,-31.4158669773634]]]}},{"type":"Feature","properties":{"id":"T22-C04","territorioId":22,"numero":4,"areaM2":9544,"source":"OpenStreetMap highways + Territorio OESTE.kml","updatedAt":"2026-09-28","needsReview":false},"geometry":{"type":"Polygon","coordinates":[[[-62.096534241548866,-31.415494628784113],[-62.096716371284366,-31.416382427939123],[-62.09771977933656,-31.416215605171825],[-62.09751851100259,-31.415336936555846],[-62.096534241548866,-31.415494628784113]]]}},{"type":"Feature","properties":{"id":"T22-C05","territorioId":22,"numero":5,"areaM2":8965,"source":"OpenStreetMap highways + Territorio OESTE.kml","updatedAt":"2026-09-28","needsReview":false},"geometry":{"type":"Polygon","coordinates":[[[-62.098829964798895,-31.416364213269944],[-62.09876386358082,-31.416088050898082],[-62.09778181961363,-31.416251360715183],[-62.09798205603448,-31.417091536778965],[-62.09895042749406,-31.416930157366526],[-62.09884021275807,-31.416412368728597],[-62.098829964798895,-31.416364213269944]]]}},{"type":"Feature","properties":{"id":"T22-C06","territorioId":22,"numero":6,"areaM2":9157,"source":"OpenStreetMap highways + Territorio OESTE.kml","updatedAt":"2026-09-28","needsReview":false},"geometry":{"type":"Polygon","coordinates":[[[-62.09793029574841,-31.417099784150704],[-62.09773014165592,-31.416259953530165],[-62.096726068507124,-31.41642688687387],[-62.09691738671684,-31.41725406515824],[-62.09793029574841,-31.417099784150704]]]}},{"type":"Feature","properties":{"id":"T23-C01","territorioId":23,"numero":1,"areaM2":13427,"source":"OpenStreetMap highways + Territorio OESTE.kml","updatedAt":"2026-09-28","needsReview":false},"geometry":{"type":"Polygon","coordinates":[[[-62.10044542431371,-31.413808495130798],[-62.098411601149046,-31.414147104106927],[-62.09838517191739,-31.41415150055655],[-62.09852011750782,-31.414746471011433],[-62.099955576622264,-31.414511583060257],[-62.100581523773286,-31.41440911518512],[-62.10049975249442,-31.41404020157481],[-62.10044542431371,-31.413808495130798]]]}},{"type":"Feature","properties":{"id":"T23-C02","territorioId":23,"numero":2,"areaM2":7639,"source":"OpenStreetMap highways + Territorio OESTE.kml","updatedAt":"2026-09-28","needsReview":false},"geometry":{"type":"Polygon","coordinates":[[[-62.09863987754363,-31.415287835170027],[-62.10004819962309,-31.415059659399805],[-62.09993948703993,-31.41456026097093],[-62.09852995222785,-31.414790906860315],[-62.09860523943378,-31.415139709383684],[-62.09863987754363,-31.415287835170027]]]}},{"type":"Feature","properties":{"id":"T23-C03","territorioId":23,"numero":3,"areaM2":14042,"source":"OpenStreetMap highways + Territorio OESTE.kml","updatedAt":"2026-09-28","needsReview":false},"geometry":{"type":"Polygon","coordinates":[[[-62.099991191260955,-31.414551798723757],[-62.10010476777569,-31.41507354083835],[-62.100225667623306,-31.415628840138435],[-62.1003428674824,-31.41616703949137],[-62.10045437725491,-31.41667904480971],[-62.10106761925915,-31.4165862103692],[-62.100591407772704,-31.414453542967752],[-62.099991191260955,-31.414551798723757]]]}},{"type":"Feature","properties":{"id":"T23-C04","territorioId":23,"numero":4,"areaM2":7759,"source":"OpenStreetMap highways + Territorio OESTE.kml","updatedAt":"2026-09-28","needsReview":false},"geometry":{"type":"Polygon","coordinates":[[[-62.09865016127168,-31.415332198330134],[-62.09876608519383,-31.41583661907628],[-62.100169077349236,-31.41561486046746],[-62.10005787896251,-31.415104120482713],[-62.09865016127168,-31.415332198330134]]]}},{"type":"Feature","properties":{"id":"T23-C05","territorioId":23,"numero":5,"areaM2":7587,"source":"OpenStreetMap highways + Territorio OESTE.kml","updatedAt":"2026-09-28","needsReview":false},"geometry":{"type":"Polygon","coordinates":[[[-62.10017875835081,-31.41565932145936],[-62.09877557370914,-31.415881110492787],[-62.09881027063512,-31.41605743476879],[-62.09888157691804,-31.416355343230876],[-62.098881687241935,-31.416355831271403],[-62.0988872194441,-31.41638182725051],[-62.10028630557344,-31.4161531944562],[-62.10017875835081,-31.41565932145936]]]}},{"type":"Feature","properties":{"id":"T23-C06","territorioId":23,"numero":6,"areaM2":7537,"source":"OpenStreetMap highways + Territorio OESTE.kml","updatedAt":"2026-09-28","needsReview":false},"geometry":{"type":"Polygon","coordinates":[[[-62.100142,-31.4167335],[-62.10020327784276,-31.416724098802007],[-62.10040270788091,-31.41668766699193],[-62.10029598807958,-31.41619765517842],[-62.098896689545036,-31.4164263226831],[-62.09895476544453,-31.416699163157848],[-62.099004951727274,-31.41692121140254],[-62.100048228990275,-31.416752423072506],[-62.10013818289869,-31.416735990323772],[-62.100142,-31.4167335]]]}},{"type":"Feature","properties":{"id":"T24-C01","territorioId":24,"numero":1,"areaM2":11143,"source":"OpenStreetMap highways + Territorio OESTE.kml","updatedAt":"2026-09-28","needsReview":false},"geometry":{"type":"Polygon","coordinates":[[[-62.103941882427414,-31.413226386469077],[-62.10227896719398,-31.413503280470163],[-62.102420254309735,-31.414114125756136],[-62.10406919360088,-31.413853608672667],[-62.103941882427414,-31.413226386469077]]]}},{"type":"Feature","properties":{"id":"T24-C02","territorioId":24,"numero":2,"areaM2":6567,"source":"OpenStreetMap highways + Territorio OESTE.kml","updatedAt":"2026-09-28","needsReview":false},"geometry":{"type":"Polygon","coordinates":[[[-62.10136405774739,-31.41428100512839],[-62.10137457529786,-31.414279283277065],[-62.1013795,-31.4143015],[-62.101374743126584,-31.41427925628602],[-62.10236848292066,-31.414122303853837],[-62.102227294307696,-31.413511884438048],[-62.10124333801757,-31.413675718583278],[-62.10136405774739,-31.41428100512839]]]}},{"type":"Feature","properties":{"id":"T24-C03","territorioId":24,"numero":3,"areaM2":8954,"source":"OpenStreetMap highways + Territorio OESTE.kml","updatedAt":"2026-09-28","needsReview":false},"geometry":{"type":"Polygon","coordinates":[[[-62.10243070932411,-31.41415846447261],[-62.10255165093935,-31.414662081533002],[-62.104180779300634,-31.414399788085156],[-62.104078268607175,-31.413898165417628],[-62.10243070932411,-31.41415846447261]]]}},{"type":"Feature","properties":{"id":"T24-C04","territorioId":24,"numero":4,"areaM2":5357,"source":"OpenStreetMap highways + Territorio OESTE.kml","updatedAt":"2026-09-28","needsReview":false},"geometry":{"type":"Polygon","coordinates":[[[-62.101410329181114,-31.41431962582303],[-62.10152342155129,-31.414827622038665],[-62.102499909021944,-31.414670411922838],[-62.102378931104624,-31.4141666436957],[-62.101410329181114,-31.41431962582303]]]}},{"type":"Feature","properties":{"id":"T24-C05","territorioId":24,"numero":5,"areaM2":8475,"source":"OpenStreetMap highways + Territorio OESTE.kml","updatedAt":"2026-09-28","needsReview":false},"geometry":{"type":"Polygon","coordinates":[[[-62.1042863191903,-31.414915718327595],[-62.10418988882995,-31.414444340865906],[-62.102561666473086,-31.414706488444935],[-62.10266405133238,-31.415191305479915],[-62.103369718730804,-31.415075540147324],[-62.1042863191903,-31.414915718327595]]]}},{"type":"Feature","properties":{"id":"T24-C06","territorioId":24,"numero":6,"areaM2":5145,"source":"OpenStreetMap highways + Territorio OESTE.kml","updatedAt":"2026-09-28","needsReview":false},"geometry":{"type":"Polygon","coordinates":[[[-62.102612349632444,-31.415199787818676],[-62.10250993241738,-31.414714817571276],[-62.10153328589686,-31.41487205329342],[-62.101641130573164,-31.415359141058275],[-62.102612349632444,-31.415199787818676]]]}},{"type":"Feature","properties":{"id":"T25-C01","territorioId":25,"numero":1,"areaM2":8829,"source":"OpenStreetMap highways + Territorio OESTE.kml","updatedAt":"2026-09-28","needsReview":false},"geometry":{"type":"Polygon","coordinates":[[[-62.102673498945656,-31.415237226819798],[-62.1027737752496,-31.415737417844586],[-62.10440505340085,-31.415466652612327],[-62.10429755663744,-31.414969376807544],[-62.102877949344624,-31.41520226458268],[-62.102673498945656,-31.415237226819798]]]}},{"type":"Feature","properties":{"id":"T25-C02","territorioId":25,"numero":2,"areaM2":5218,"source":"OpenStreetMap highways + Territorio OESTE.kml","updatedAt":"2026-09-28","needsReview":false},"geometry":{"type":"Polygon","coordinates":[[[-62.10165263724332,-31.415411800257086],[-62.10175952811318,-31.415905775223692],[-62.10272208660421,-31.415745997539464],[-62.10262186057453,-31.41524605728912],[-62.10165263724332,-31.415411800257086]]]}},{"type":"Feature","properties":{"id":"T25-C03","territorioId":25,"numero":3,"areaM2":8629,"source":"OpenStreetMap highways + Territorio OESTE.kml","updatedAt":"2026-09-28","needsReview":false},"geometry":{"type":"Polygon","coordinates":[[[-62.10453041189106,-31.415998394539475],[-62.10441510376459,-31.415511052851926],[-62.10278309599247,-31.4157819391892],[-62.102888071382814,-31.41626240347578],[-62.10453041189106,-31.415998394539475]]]}},{"type":"Feature","properties":{"id":"T25-C04","territorioId":25,"numero":4,"areaM2":5005,"source":"OpenStreetMap highways + Territorio OESTE.kml","updatedAt":"2026-09-28","needsReview":false},"geometry":{"type":"Polygon","coordinates":[[[-62.10283633545144,-31.41627072011179],[-62.102731417180834,-31.415790517257832],[-62.101769152562056,-31.415950246161415],[-62.10187207200748,-31.416425727045418],[-62.10283633545144,-31.41627072011179]]]}},{"type":"Feature","properties":{"id":"T26-C01","territorioId":26,"numero":1,"areaM2":11314,"source":"OpenStreetMap highways + Territorio OESTE.kml","updatedAt":"2026-09-28","needsReview":false},"geometry":{"type":"Polygon","coordinates":[[[-62.105774362628,-31.41358419279562],[-62.105629015600755,-31.412945694054077],[-62.10399356440131,-31.413217784417274],[-62.10412096143011,-31.4138454296032],[-62.105774362628,-31.41358419279562]]]}},{"type":"Feature","properties":{"id":"T26-C02","territorioId":26,"numero":2,"areaM2":8980,"source":"OpenStreetMap highways + Territorio OESTE.kml","updatedAt":"2026-09-28","needsReview":false},"geometry":{"type":"Polygon","coordinates":[[[-62.10423251554631,-31.41439145703949],[-62.10589708096628,-31.414123369703514],[-62.105784467608515,-31.413628586808883],[-62.10413003592766,-31.41388998643249],[-62.10423251554631,-31.41439145703949]]]}},{"type":"Feature","properties":{"id":"T26-C03","territorioId":26,"numero":3,"areaM2":8544,"source":"OpenStreetMap highways + Territorio OESTE.kml","updatedAt":"2026-09-28","needsReview":false},"geometry":{"type":"Polygon","coordinates":[[[-62.1060141443669,-31.414637967289437],[-62.105907182226275,-31.414167762791525],[-62.10424162497753,-31.41443600986702],[-62.10433798162791,-31.41490702701269],[-62.1060141443669,-31.414637967289437]]]}},{"type":"Feature","properties":{"id":"T27-C01","territorioId":27,"numero":1,"areaM2":9054,"source":"OpenStreetMap highways + Territorio OESTE.kml","updatedAt":"2026-09-28","needsReview":false},"geometry":{"type":"Polygon","coordinates":[[[-62.10445676198257,-31.415458209327866],[-62.1061393760558,-31.415187958964214],[-62.106026876785826,-31.414693916491164],[-62.104349283023545,-31.414961015885503],[-62.10445676198257,-31.415458209327866]]]}},{"type":"Feature","properties":{"id":"T27-C02","territorioId":27,"numero":2,"areaM2":9230,"source":"OpenStreetMap highways + Territorio OESTE.kml","updatedAt":"2026-09-28","needsReview":false},"geometry":{"type":"Polygon","coordinates":[[[-62.104585736931774,-31.416005219148364],[-62.10626457189746,-31.415738316988918],[-62.10614947954343,-31.415232351879823],[-62.104466816454924,-31.41550261011599],[-62.104585736931774,-31.416005219148364]]]}},{"type":"Feature","properties":{"id":"T28-C01","territorioId":28,"numero":1,"areaM2":12444,"source":"OpenStreetMap highways + Territorio OESTE.kml","updatedAt":"2026-09-28","needsReview":false},"geometry":{"type":"Polygon","coordinates":[[[-62.107448642906924,-31.41264247963087],[-62.10568068800536,-31.41293709034034],[-62.10582613203442,-31.41357601520376],[-62.10690994181502,-31.41340485649314],[-62.1075942945408,-31.413296695099504],[-62.107448642906924,-31.41264247963087]]]}},{"type":"Feature","properties":{"id":"T28-C02","territorioId":28,"numero":2,"areaM2":7150,"source":"OpenStreetMap highways + Territorio OESTE.kml","updatedAt":"2026-09-28","needsReview":false},"geometry":{"type":"Polygon","coordinates":[[[-62.1078274344751,-31.41434344921765],[-62.107604187720945,-31.41334112255867],[-62.10694567569067,-31.41344519985111],[-62.10706341964788,-31.413958425545815],[-62.10717601730569,-31.414449262074193],[-62.1078274344751,-31.41434344921765]]]}},{"type":"Feature","properties":{"id":"T28-C03","territorioId":28,"numero":3,"areaM2":5676,"source":"OpenStreetMap highways + Territorio OESTE.kml","updatedAt":"2026-09-28","needsReview":false},"geometry":{"type":"Polygon","coordinates":[[[-62.10594881573618,-31.414115040014227],[-62.10700664115894,-31.413944773593443],[-62.10689390564559,-31.41345337884569],[-62.105836237006734,-31.413620409263512],[-62.10594881573618,-31.414115040014227]]]}},{"type":"Feature","properties":{"id":"T28-C04","territorioId":28,"numero":4,"areaM2":5408,"source":"OpenStreetMap highways + Territorio OESTE.kml","updatedAt":"2026-09-28","needsReview":false},"geometry":{"type":"Polygon","coordinates":[[[-62.10712429819681,-31.414457663060393],[-62.1070168224136,-31.413989153845225],[-62.10595891696386,-31.414159433147063],[-62.106065868041945,-31.414629589014144],[-62.10712429819681,-31.414457663060393]]]}},{"type":"Feature","properties":{"id":"T29-C01","territorioId":29,"numero":1,"areaM2":5688,"source":"OpenStreetMap highways + Territorio OESTE.kml","updatedAt":"2026-09-28","needsReview":false},"geometry":{"type":"Polygon","coordinates":[[[-62.10619111545323,-31.41517964942667],[-62.10725084115708,-31.41500946405722],[-62.10713791095383,-31.414517011310636],[-62.10607863190471,-31.414685675994512],[-62.10619111545323,-31.41517964942667]]]}},{"type":"Feature","properties":{"id":"T29-C02","territorioId":29,"numero":2,"areaM2":7237,"source":"OpenStreetMap highways + Territorio OESTE.kml","updatedAt":"2026-09-28","needsReview":false},"geometry":{"type":"Polygon","coordinates":[[[-62.108070162014265,-31.415433440582348],[-62.107843584588544,-31.414415963678064],[-62.1071897643031,-31.414509195821143],[-62.107307619801155,-31.415023126213956],[-62.10742723026473,-31.415544522102476],[-62.108070162014265,-31.415433440582348]]]}},{"type":"Feature","properties":{"id":"T29-C03","territorioId":29,"numero":3,"areaM2":5824,"source":"OpenStreetMap highways + Territorio OESTE.kml","updatedAt":"2026-09-28","needsReview":false},"geometry":{"type":"Polygon","coordinates":[[[-62.10737562914068,-31.415553437405393],[-62.10726102044605,-31.415053844808135],[-62.10620121885659,-31.415224042364336],[-62.10631633138924,-31.415730096181974],[-62.10676727442346,-31.415658544933237],[-62.10737562914068,-31.415553437405393]]]}},{"type":"Feature","properties":{"id":"T30-C01","territorioId":30,"numero":1,"areaM2":7918,"source":"OpenStreetMap highways + Territorio OESTE.kml","updatedAt":"2026-09-28","needsReview":false},"geometry":{"type":"Polygon","coordinates":[[[-62.11268249852957,-31.411824974755902],[-62.11280570392668,-31.41236667273798],[-62.113482076261235,-31.41225598311935],[-62.11415964984949,-31.412145060181583],[-62.11405340157458,-31.41169176597196],[-62.11405312941437,-31.411690385288086],[-62.11404067408462,-31.411612654804248],[-62.112728230650646,-31.41181672176873],[-62.11268249852957,-31.411824974755902]]]}},{"type":"Feature","properties":{"id":"T30-C02","territorioId":30,"numero":2,"areaM2":7395,"source":"OpenStreetMap highways + Territorio OESTE.kml","updatedAt":"2026-09-28","needsReview":false},"geometry":{"type":"Polygon","coordinates":[[[-62.114402198946095,-31.41323285390448],[-62.11425046334685,-31.41253260283438],[-62.1141700424311,-31.41218940469739],[-62.11351787202465,-31.41229616898728],[-62.11375286415757,-31.41333540970572],[-62.114402198946095,-31.41323285390448]]]}},{"type":"Feature","properties":{"id":"T30-C03","territorioId":30,"numero":3,"areaM2":7334,"source":"OpenStreetMap highways + Territorio OESTE.kml","updatedAt":"2026-09-28","needsReview":false},"geometry":{"type":"Polygon","coordinates":[[[-62.112815797128256,-31.412411066276746],[-62.11305075159985,-31.413444865952606],[-62.113701083072996,-31.413343532434357],[-62.11346616785749,-31.412304631879238],[-62.112815797128256,-31.412411066276746]]]}},{"type":"Feature","properties":{"id":"T30-C04","territorioId":30,"numero":4,"areaM2":7468,"source":"OpenStreetMap highways + Territorio OESTE.kml","updatedAt":"2026-09-28","needsReview":false},"geometry":{"type":"Polygon","coordinates":[[[-62.11396994993769,-31.414417937146144],[-62.114647252840605,-31.414314072277246],[-62.11441205148442,-31.413277287823785],[-62.113762343036605,-31.413379902640695],[-62.11396994993769,-31.414417937146144]]]}},{"type":"Feature","properties":{"id":"T30-C05","territorioId":30,"numero":5,"areaM2":7181,"source":"OpenStreetMap highways + Territorio OESTE.kml","updatedAt":"2026-09-28","needsReview":false},"geometry":{"type":"Polygon","coordinates":[[[-62.11329767289557,-31.414532005324872],[-62.1139182178931,-31.41442630200784],[-62.11371056255799,-31.413388025332296],[-62.113060838809524,-31.413489264155945],[-62.11329767289557,-31.414532005324872]]]}},{"type":"Feature","properties":{"id":"T30-C06","territorioId":30,"numero":6,"areaM2":8468,"source":"OpenStreetMap highways + Territorio OESTE.kml","updatedAt":"2026-09-28","needsReview":false},"geometry":{"type":"Polygon","coordinates":[[[-62.11424533008947,-31.415611128397007],[-62.1149252404397,-31.415501015814662],[-62.11465748326667,-31.41435845041646],[-62.113979545767634,-31.41446241260111],[-62.11424533008947,-31.415611128397007]]]}},{"type":"Feature","properties":{"id":"T30-C07","territorioId":30,"numero":7,"areaM2":7827,"source":"OpenStreetMap highways + Territorio OESTE.kml","updatedAt":"2026-09-28","needsReview":false},"geometry":{"type":"Polygon","coordinates":[[[-62.11419363739005,-31.415619646805144],[-62.1139278179437,-31.41447077920161],[-62.113307753490055,-31.41457640066304],[-62.113409329697646,-31.415023869585035],[-62.113409372854406,-31.415024064235023],[-62.113561218393826,-31.41572563520209],[-62.11419363739005,-31.415619646805144]]]}},{"type":"Feature","properties":{"id":"T30-C08","territorioId":30,"numero":8,"areaM2":8171,"source":"OpenStreetMap highways + Territorio OESTE.kml","updatedAt":"2026-09-28","needsReview":false},"geometry":{"type":"Polygon","coordinates":[[[-62.11376838352424,-31.41630570884368],[-62.115050102074186,-31.416102971046424],[-62.11493503353706,-31.415545458469545],[-62.11422955542598,-31.415659711792166],[-62.11357110676827,-31.415770062553477],[-62.113696281933144,-31.416317233230203],[-62.1137683255442,-31.416305718062862],[-62.11376838352424,-31.41630570884368]]]}},{"type":"Feature","properties":{"id":"T31-C01","territorioId":31,"numero":1,"areaM2":9455,"source":"OpenStreetMap highways + Territorio OESTE.kml","updatedAt":"2026-09-28","needsReview":false},"geometry":{"type":"Polygon","coordinates":[[[-62.09687568224423,-31.417306701021815],[-62.0958529925722,-31.41747624544414],[-62.0960650106032,-31.41833743796648],[-62.09706421447365,-31.418157615521693],[-62.09687568224423,-31.417306701021815]]]}},{"type":"Feature","properties":{"id":"T31-C02","territorioId":31,"numero":2,"areaM2":9931,"source":"OpenStreetMap highways + Territorio OESTE.kml","updatedAt":"2026-09-28","needsReview":false},"geometry":{"type":"Polygon","coordinates":[[[-62.09580133666486,-31.41748494784252],[-62.094752563639716,-31.417664538704813],[-62.09494429194667,-31.418521704989796],[-62.096013396673555,-31.41834631087336],[-62.09580133666486,-31.41748494784252]]]}},{"type":"Feature","properties":{"id":"T31-C03","territorioId":31,"numero":3,"areaM2":20270,"source":"OpenStreetMap highways + Territorio OESTE.kml","updatedAt":"2026-09-28","needsReview":false},"geometry":{"type":"Polygon","coordinates":[[[-62.096049634709956,-31.41838641508281],[-62.09495409311452,-31.418566146352646],[-62.09514366357902,-31.419438151551265],[-62.09624094056608,-31.41925854808236],[-62.097277345811946,-31.419085878910185],[-62.09707423940874,-31.418202025019376],[-62.09605009398343,-31.41838633608906],[-62.096049634709956,-31.41838641508281]]]}},{"type":"Feature","properties":{"id":"T32-C01","territorioId":32,"numero":1,"areaM2":9103,"source":"OpenStreetMap highways + Territorio OESTE.kml","updatedAt":"2026-09-28","needsReview":false},"geometry":{"type":"Polygon","coordinates":[[[-62.099179591068534,-31.417823239867108],[-62.098960848477645,-31.416974495808958],[-62.09799215837807,-31.417135928322853],[-62.09817517253329,-31.417979731904527],[-62.099179591068534,-31.417823239867108]]]}},{"type":"Feature","properties":{"id":"T32-C02","territorioId":32,"numero":2,"areaM2":9293,"source":"OpenStreetMap highways + Territorio OESTE.kml","updatedAt":"2026-09-28","needsReview":false},"geometry":{"type":"Polygon","coordinates":[[[-62.096927437782995,-31.417298471667873],[-62.09711585111967,-31.41814884956159],[-62.09812340433962,-31.41798789978363],[-62.09794040862955,-31.417144181245003],[-62.096927437782995,-31.417298471667873]]]}},{"type":"Feature","properties":{"id":"T32-C03","territorioId":32,"numero":3,"areaM2":9651,"source":"OpenStreetMap highways + Territorio OESTE.kml","updatedAt":"2026-09-28","needsReview":false},"geometry":{"type":"Polygon","coordinates":[[[-62.098366126792676,-31.418904468261047],[-62.09939342774738,-31.41873329900875],[-62.09919049817061,-31.417867510338464],[-62.09818458753001,-31.418024234851288],[-62.098366126792676,-31.418904468261047]]]}},{"type":"Feature","properties":{"id":"T32-C04","territorioId":32,"numero":4,"areaM2":9558,"source":"OpenStreetMap highways + Territorio OESTE.kml","updatedAt":"2026-09-28","needsReview":false},"geometry":{"type":"Polygon","coordinates":[[[-62.09712587402828,-31.418193255748992],[-62.09732901725238,-31.419077269872528],[-62.098314449072106,-31.418913078772412],[-62.098132818616975,-31.418032403195735],[-62.09712587402828,-31.418193255748992]]]}},{"type":"Feature","properties":{"id":"T33-C01","territorioId":33,"numero":1,"areaM2":9180,"source":"OpenStreetMap highways + Territorio OESTE.kml","updatedAt":"2026-09-28","needsReview":false},"geometry":{"type":"Polygon","coordinates":[[[-62.10043832017464,-31.416727404481996],[-62.10008434467187,-31.41679206860385],[-62.10028232811436,-31.417635923103685],[-62.10126618290801,-31.417487974299963],[-62.10107747218618,-31.416630647705745],[-62.10043832017464,-31.416727404481996]]]}},{"type":"Feature","properties":{"id":"T33-C02","territorioId":33,"numero":2,"areaM2":9337,"source":"OpenStreetMap highways + Territorio OESTE.kml","updatedAt":"2026-09-28","needsReview":false},"geometry":{"type":"Polygon","coordinates":[[[-62.099032811184706,-31.417044546981703],[-62.09923132632877,-31.4178148064373],[-62.1002305860066,-31.417644235930602],[-62.100032737473654,-31.41680095644867],[-62.09901498723574,-31.416965614846916],[-62.099032811184706,-31.417044546981703]]]}},{"type":"Feature","properties":{"id":"T33-C03","territorioId":33,"numero":3,"areaM2":9217,"source":"OpenStreetMap highways + Territorio OESTE.kml","updatedAt":"2026-09-28","needsReview":false},"geometry":{"type":"Polygon","coordinates":[[[-62.100484652438794,-31.418551530691232],[-62.10146526688045,-31.418388142447537],[-62.10127598949905,-31.417532419360672],[-62.10029242855629,-31.417680323976075],[-62.100484652438794,-31.418551530691232]]]}},{"type":"Feature","properties":{"id":"T33-C04","territorioId":33,"numero":4,"areaM2":9406,"source":"OpenStreetMap highways + Territorio OESTE.kml","updatedAt":"2026-09-28","needsReview":false},"geometry":{"type":"Polygon","coordinates":[[[-62.10024068956008,-31.417688627408022],[-62.09924220905488,-31.417859064912385],[-62.09944510042301,-31.41872469056746],[-62.10043298069269,-31.418560138917456],[-62.10024068956008,-31.417688627408022]]]}},{"type":"Feature","properties":{"id":"T34-C01","territorioId":34,"numero":1,"areaM2":9855,"source":"OpenStreetMap highways + Territorio OESTE.kml","updatedAt":"2026-09-28","needsReview":false},"geometry":{"type":"Polygon","coordinates":[[[-62.102902947440036,-31.41632931473192],[-62.10302944647535,-31.41687917374276],[-62.10467067114307,-31.416610047410572],[-62.10454433514088,-31.41605796370867],[-62.102902947440036,-31.41632931473192]]]}},{"type":"Feature","properties":{"id":"T34-C02","territorioId":34,"numero":2,"areaM2":5811,"source":"OpenStreetMap highways + Territorio OESTE.kml","updatedAt":"2026-09-28","needsReview":false},"geometry":{"type":"Polygon","coordinates":[[[-62.10285126163212,-31.416337861498324],[-62.10188755433258,-31.416497261019728],[-62.1020073175599,-31.417050726321698],[-62.10297776761337,-31.416887750701413],[-62.10285126163212,-31.416337861498324]]]}},{"type":"Feature","properties":{"id":"T34-C03","territorioId":34,"numero":3,"areaM2":9651,"source":"OpenStreetMap highways + Territorio OESTE.kml","updatedAt":"2026-09-28","needsReview":false},"geometry":{"type":"Polygon","coordinates":[[[-62.10303952121753,-31.416923570240023],[-62.10315998130979,-31.41746176080556],[-62.10481118198465,-31.417191585482307],[-62.10468110821137,-31.41665438449397],[-62.10303952121753,-31.416923570240023]]]}},{"type":"Feature","properties":{"id":"T34-C04","territorioId":34,"numero":4,"areaM2":6570,"source":"OpenStreetMap highways + Territorio OESTE.kml","updatedAt":"2026-09-28","needsReview":false},"geometry":{"type":"Polygon","coordinates":[[[-62.101129235663294,-31.416622455763527],[-62.10131793502579,-31.41747973075142],[-62.10202096464276,-31.417361410102924],[-62.1019604266264,-31.417081433365684],[-62.101835866923956,-31.416505801974186],[-62.101129235663294,-31.416622455763527]]]}},{"type":"Feature","properties":{"id":"T34-C05","territorioId":34,"numero":5,"areaM2":5650,"source":"OpenStreetMap highways + Territorio OESTE.kml","updatedAt":"2026-09-28","needsReview":false},"geometry":{"type":"Polygon","coordinates":[[[-62.10207747278024,-31.417375163890085],[-62.1021313679776,-31.41762388977235],[-62.103108242188796,-31.41747006626709],[-62.10298784276458,-31.416932146753698],[-62.10201693729435,-31.417095198855847],[-62.10207747278024,-31.417375163890085]]]}},{"type":"Feature","properties":{"id":"T34-C06","territorioId":34,"numero":6,"areaM2":10354,"source":"OpenStreetMap highways + Territorio OESTE.kml","updatedAt":"2026-09-28","needsReview":false},"geometry":{"type":"Polygon","coordinates":[[[-62.10329466172229,-31.418083312944823],[-62.10402428959874,-31.417961756573717],[-62.104955526851,-31.417806599003747],[-62.104821743907735,-31.417235902343553],[-62.1031697645555,-31.41750620507676],[-62.10329466172229,-31.418083312944823]]]}},{"type":"Feature","properties":{"id":"T34-C07","territorioId":34,"numero":7,"areaM2":6172,"source":"OpenStreetMap highways + Territorio OESTE.kml","updatedAt":"2026-09-28","needsReview":false},"geometry":{"type":"Polygon","coordinates":[[[-62.102267764459505,-31.41825441203318],[-62.10324298907784,-31.41809192208071],[-62.10311802631732,-31.417514511126],[-62.10214099549442,-31.417668359292126],[-62.102267764459505,-31.41825441203318]]]}},{"type":"Feature","properties":{"id":"T34-C08","territorioId":34,"numero":8,"areaM2":6534,"source":"OpenStreetMap highways + Territorio OESTE.kml","updatedAt":"2026-09-28","needsReview":false},"geometry":{"type":"Polygon","coordinates":[[[-62.102030590852095,-31.417405881723415],[-62.10132774098693,-31.417524172119485],[-62.10151693812814,-31.41837953239489],[-62.10221609201585,-31.418263022269215],[-62.10208442738917,-31.417654336891722],[-62.102030590852095,-31.417405881723415]]]}},{"type":"Feature","properties":{"id":"T35-C01","territorioId":35,"numero":1,"areaM2":10068,"source":"OpenStreetMap highways + Territorio OESTE.kml","updatedAt":"2026-09-28","needsReview":false},"geometry":{"type":"Polygon","coordinates":[[[-62.106399974470285,-31.416333144900207],[-62.10627467393116,-31.415782710920777],[-62.10459605762812,-31.416049578318468],[-62.10472239461587,-31.4166016663272],[-62.106399974470285,-31.416333144900207]]]}},{"type":"Feature","properties":{"id":"T35-C02","territorioId":35,"numero":2,"areaM2":9844,"source":"OpenStreetMap highways + Territorio OESTE.kml","updatedAt":"2026-09-28","needsReview":false},"geometry":{"type":"Polygon","coordinates":[[[-62.104862929486565,-31.417183271197434],[-62.10653356036115,-31.416919982643133],[-62.10641007997428,-31.416377537740022],[-62.104732839871915,-31.416646004784685],[-62.104862929486565,-31.417183271197434]]]}},{"type":"Feature","properties":{"id":"T35-C03","territorioId":35,"numero":3,"areaM2":10241,"source":"OpenStreetMap highways + Territorio OESTE.kml","updatedAt":"2026-09-28","needsReview":false},"geometry":{"type":"Polygon","coordinates":[[[-62.10500719916635,-31.41779798897935],[-62.10626158844601,-31.417588956765794],[-62.106262022726085,-31.417588887102156],[-62.10667143125819,-31.4175257566447],[-62.1065436651707,-31.416964376924053],[-62.10487348697532,-31.41722759413689],[-62.10500719916635,-31.41779798897935]]]}},{"type":"Feature","properties":{"id":"T36-C01","territorioId":36,"numero":1,"areaM2":6344,"source":"OpenStreetMap highways + Territorio OESTE.kml","updatedAt":"2026-09-28","needsReview":false},"geometry":{"type":"Polygon","coordinates":[[[-62.10738770765093,-31.415606097623513],[-62.10632643353451,-31.415774490264088],[-62.106451714988445,-31.41632484040293],[-62.10751334336751,-31.416153972964874],[-62.10738770765093,-31.415606097623513]]]}},{"type":"Feature","properties":{"id":"T36-C02","territorioId":36,"numero":2,"areaM2":12000,"source":"OpenStreetMap highways + Territorio OESTE.kml","updatedAt":"2026-09-28","needsReview":false},"geometry":{"type":"Polygon","coordinates":[[[-62.10838184427786,-31.416832862853322],[-62.108083992461346,-31.415495544373456],[-62.107439469176285,-31.415597881736403],[-62.10757011990826,-31.416167626681002],[-62.107705419920826,-31.41675752673584],[-62.10783583345904,-31.417326187087056],[-62.108466037253194,-31.4172216712808],[-62.10838184427786,-31.416832862853322]]]}},{"type":"Feature","properties":{"id":"T36-C03","territorioId":36,"numero":3,"areaM2":6291,"source":"OpenStreetMap highways + Territorio OESTE.kml","updatedAt":"2026-09-28","needsReview":false},"geometry":{"type":"Polygon","coordinates":[[[-62.10658533157272,-31.416911812985603],[-62.10764862536742,-31.416743799025756],[-62.1075235215361,-31.41619835371824],[-62.10646182040314,-31.416369232855093],[-62.10658533157272,-31.416911812985603]]]}},{"type":"Feature","properties":{"id":"T36-C04","territorioId":36,"numero":4,"areaM2":6411,"source":"OpenStreetMap highways + Territorio OESTE.kml","updatedAt":"2026-09-28","needsReview":false},"geometry":{"type":"Polygon","coordinates":[[[-62.10672314358352,-31.417517328350986],[-62.1077841880159,-31.417334909190465],[-62.10765880435987,-31.416788181336532],[-62.10659543630551,-31.41695620702796],[-62.10672314358352,-31.417517328350986]]]}},{"type":"Feature","properties":{"id":"T37-C01","territorioId":37,"numero":1,"areaM2":7736,"source":"OpenStreetMap highways + Territorio OESTE.kml","updatedAt":"2026-09-28","needsReview":false},"geometry":{"type":"Polygon","coordinates":[[[-62.09743389419562,-31.41985021387071],[-62.09728891231802,-31.419139241450313],[-62.09627857502765,-31.41930756759903],[-62.09643289478474,-31.420012481543985],[-62.09743389419562,-31.41985021387071]]]}},{"type":"Feature","properties":{"id":"T37-C02","territorioId":37,"numero":2,"areaM2":8234,"source":"OpenStreetMap highways + Territorio OESTE.kml","updatedAt":"2026-09-28","needsReview":false},"geometry":{"type":"Polygon","coordinates":[[[-62.09622688699655,-31.419316103113925],[-62.09515496763701,-31.419491556019278],[-62.095299706018984,-31.420194771375105],[-62.096381166699395,-31.420020834095958],[-62.09622688699655,-31.419316103113925]]]}},{"type":"Feature","properties":{"id":"T37-C03","territorioId":37,"numero":3,"areaM2":8873,"source":"OpenStreetMap highways + Territorio OESTE.kml","updatedAt":"2026-09-28","needsReview":false},"geometry":{"type":"Polygon","coordinates":[[[-62.09644260002747,-31.420056938434204],[-62.09662140712406,-31.420878312783994],[-62.09761079517039,-31.42071537935676],[-62.09744299266427,-31.41989476912231],[-62.09644260002747,-31.420056938434204]]]}},{"type":"Feature","properties":{"id":"T37-C04","territorioId":37,"numero":4,"areaM2":9747,"source":"OpenStreetMap highways + Territorio OESTE.kml","updatedAt":"2026-09-28","needsReview":false},"geometry":{"type":"Polygon","coordinates":[[[-62.0963908719242,-31.420065290971376],[-62.095309160896555,-31.420239268515246],[-62.0954926848591,-31.421076323775647],[-62.096569772927886,-31.420887096696],[-62.0963908719242,-31.420065290971376]]]}},{"type":"Feature","properties":{"id":"T38-C01","territorioId":38,"numero":1,"areaM2":7992,"source":"OpenStreetMap highways + Territorio OESTE.kml","updatedAt":"2026-09-28","needsReview":false},"geometry":{"type":"Polygon","coordinates":[[[-62.09956316359141,-31.419505167103516],[-62.099405515142095,-31.41878657476566],[-62.09837769734647,-31.418957830134218],[-62.09854000962007,-31.419671011917703],[-62.09956316359141,-31.419505167103516]]]}},{"type":"Feature","properties":{"id":"T38-C02","territorioId":38,"numero":2,"areaM2":7697,"source":"OpenStreetMap highways + Territorio OESTE.kml","updatedAt":"2026-09-28","needsReview":false},"geometry":{"type":"Polygon","coordinates":[[[-62.09848828667489,-31.419679393544452],[-62.09832602624182,-31.41896643954238],[-62.09734059182799,-31.419130631074715],[-62.09748562018196,-31.419841831409315],[-62.09848828667489,-31.419679393544452]]]}},{"type":"Feature","properties":{"id":"T38-C03","territorioId":38,"numero":3,"areaM2":9036,"source":"OpenStreetMap highways + Territorio OESTE.kml","updatedAt":"2026-09-28","needsReview":false},"geometry":{"type":"Polygon","coordinates":[[[-62.09899744813328,-31.420487087736948],[-62.09974796713168,-31.420363516069862],[-62.09957282492947,-31.41954963110962],[-62.09854999955915,-31.419715422660193],[-62.098731307272104,-31.420530928063652],[-62.09899744587803,-31.42048708810836],[-62.0990024,-31.4205093],[-62.09899744813328,-31.420487087736948]]]}},{"type":"Feature","properties":{"id":"T38-C04","territorioId":38,"numero":4,"areaM2":8982,"source":"OpenStreetMap highways + Territorio OESTE.kml","updatedAt":"2026-09-28","needsReview":false},"geometry":{"type":"Polygon","coordinates":[[[-62.097662734461515,-31.420706827847503],[-62.09867961441642,-31.420539440200606],[-62.09849827765477,-31.419723804138798],[-62.09749471832671,-31.419886386648198],[-62.0976608256742,-31.42069870697783],[-62.097662734461515,-31.420706827847503]]]}},{"type":"Feature","properties":{"id":"T39-C01","territorioId":39,"numero":1,"areaM2":7893,"source":"OpenStreetMap highways + Territorio OESTE.kml","updatedAt":"2026-09-28","needsReview":false},"geometry":{"type":"Polygon","coordinates":[[[-62.101478402263865,-31.418441243590607],[-62.10049677283683,-31.418604800949332],[-62.10066766615426,-31.419333839528402],[-62.10165907078306,-31.41917331010476],[-62.10154528358997,-31.418684818149885],[-62.101478402263865,-31.418441243590607]]]}},{"type":"Feature","properties":{"id":"T39-C02","territorioId":39,"numero":2,"areaM2":7834,"source":"OpenStreetMap highways + Territorio OESTE.kml","updatedAt":"2026-09-28","needsReview":false},"geometry":{"type":"Polygon","coordinates":[[[-62.10044510014178,-31.418613409338462],[-62.09945718712418,-31.418777966443304],[-62.09961492482783,-31.419496965619803],[-62.100615896458315,-31.419342034107345],[-62.10044510014178,-31.418613409338462]]]}},{"type":"Feature","properties":{"id":"T39-C03","territorioId":39,"numero":3,"areaM2":9212,"source":"OpenStreetMap highways + Territorio OESTE.kml","updatedAt":"2026-09-28","needsReview":false},"geometry":{"type":"Polygon","coordinates":[[[-62.10187134824535,-31.420075087245507],[-62.10166945603901,-31.419217656878036],[-62.10067742166375,-31.419378288270984],[-62.10084565029229,-31.420200433262583],[-62.101672714753924,-31.42010629211065],[-62.10187134824535,-31.420075087245507]]]}},{"type":"Feature","properties":{"id":"T39-C04","territorioId":39,"numero":4,"areaM2":8856,"source":"OpenStreetMap highways + Territorio OESTE.kml","updatedAt":"2026-09-28","needsReview":false},"geometry":{"type":"Polygon","coordinates":[[[-62.10048311322001,-31.420257528810826],[-62.10079367276155,-31.42020758448503],[-62.10062565776123,-31.41938648350942],[-62.09962458593461,-31.419541430530348],[-62.09979977514798,-31.42035553400322],[-62.10048311322001,-31.420257528810826]]]}},{"type":"Feature","properties":{"id":"T40-C01","territorioId":40,"numero":1,"areaM2":68939,"source":"OpenStreetMap highways + Territorio OESTE.kml","updatedAt":"2026-09-28","needsReview":false},"geometry":{"type":"Polygon","coordinates":[[[-62.095504696833245,-31.42113271590928],[-62.09569035764056,-31.42202219207594],[-62.09590771439752,-31.422938921041546],[-62.096899321320606,-31.422777110305017],[-62.098042415724414,-31.422584628086042],[-62.09804254724626,-31.422584606152796],[-62.09914821635005,-31.422402011255123],[-62.09939649955453,-31.422360630721048],[-62.098983173733494,-31.420542674691788],[-62.095504696833245,-31.42113271590928]]]}},{"type":"Feature","properties":{"id":"T41-C01","territorioId":41,"numero":1,"areaM2":12636,"source":"OpenStreetMap highways + Territorio OESTE.kml","updatedAt":"2026-09-28","needsReview":false},"geometry":{"type":"Polygon","coordinates":[[[-62.100716823860985,-31.421541520560215],[-62.10059502386099,-31.420976620560218],[-62.1005949355246,-31.420976187395027],[-62.10046603306286,-31.420305836529792],[-62.09980932323432,-31.420400022666534],[-62.09990736813041,-31.42085804192359],[-62.10020973523454,-31.42222480379974],[-62.10084106558307,-31.422117455449616],[-62.100716823860985,-31.421541520560215]]]}},{"type":"Feature","properties":{"id":"T41-C02","territorioId":41,"numero":2,"areaM2":14202,"source":"OpenStreetMap highways + Territorio OESTE.kml","updatedAt":"2026-09-28","needsReview":false},"geometry":{"type":"Polygon","coordinates":[[[-62.09903478053635,-31.420533782531134],[-62.099448168624896,-31.422352012435354],[-62.10015808452078,-31.42223350664291],[-62.0998556464932,-31.420866424178094],[-62.09985561770392,-31.42086629190111],[-62.0997575562676,-31.420408195375913],[-62.09903478053635,-31.420533782531134]]]}},{"type":"Feature","properties":{"id":"T42-C01","territorioId":42,"numero":1,"areaM2":9287,"source":"OpenStreetMap highways + Territorio OESTE.kml","updatedAt":"2026-09-28","needsReview":false},"geometry":{"type":"Polygon","coordinates":[[[-62.100828251009716,-31.420248041269947],[-62.10051786508641,-31.42029795767438],[-62.10064246842021,-31.42094595113776],[-62.10201975290261,-31.420720738442288],[-62.101883662967786,-31.42012790831525],[-62.100828251009716,-31.420248041269947]]]}},{"type":"Feature","properties":{"id":"T42-C02","territorioId":42,"numero":2,"areaM2":7797,"source":"OpenStreetMap highways + Territorio OESTE.kml","updatedAt":"2026-09-28","needsReview":false},"geometry":{"type":"Polygon","coordinates":[[[-62.10065154788836,-31.420990510484188],[-62.10076376159002,-31.421510949893598],[-62.102139934110625,-31.42128676042356],[-62.10202955540096,-31.42076517955927],[-62.10065154788836,-31.420990510484188]]]}},{"type":"Feature","properties":{"id":"T42-C03","territorioId":42,"numero":3,"areaM2":8397,"source":"OpenStreetMap highways + Territorio OESTE.kml","updatedAt":"2026-09-28","needsReview":false},"geometry":{"type":"Polygon","coordinates":[[[-62.100773353486176,-31.421555425308338],[-62.10089276995468,-31.422108992253264],[-62.1022900383295,-31.421889009927924],[-62.10215018017651,-31.421331129266758],[-62.100773353486176,-31.421555425308338]]]}},{"type":"Feature","properties":{"id":"T43-C01","territorioId":43,"numero":1,"areaM2":9248,"source":"OpenStreetMap highways + Territorio OESTE.kml","updatedAt":"2026-09-28","needsReview":false},"geometry":{"type":"Polygon","coordinates":[[[-62.103936826673404,-31.420994693448073],[-62.105557487575574,-31.420729979038754],[-62.10544550309877,-31.420206463130715],[-62.1038160835542,-31.42047236424462],[-62.103936826673404,-31.420994693448073]]]}},{"type":"Feature","properties":{"id":"T43-C02","territorioId":43,"numero":2,"areaM2":9588,"source":"OpenStreetMap highways + Territorio OESTE.kml","updatedAt":"2026-09-28","needsReview":false},"geometry":{"type":"Polygon","coordinates":[[[-62.10208126058872,-31.420756714528846],[-62.1021916499095,-31.421278345534645],[-62.103885112582965,-31.421003119044922],[-62.103764376645834,-31.420480820910793],[-62.10208126058872,-31.420756714528846]]]}},{"type":"Feature","properties":{"id":"T43-C03","territorioId":43,"numero":3,"areaM2":9632,"source":"OpenStreetMap highways + Territorio OESTE.kml","updatedAt":"2026-09-28","needsReview":false},"geometry":{"type":"Polygon","coordinates":[[[-62.10568409372301,-31.421321447342763],[-62.10556700717233,-31.420774466358434],[-62.10394717308343,-31.42103904570896],[-62.10407643584563,-31.42158827571055],[-62.10568409372301,-31.421321447342763]]]}},{"type":"Feature","properties":{"id":"T43-C04","territorioId":43,"numero":4,"areaM2":10211,"source":"OpenStreetMap highways + Territorio OESTE.kml","updatedAt":"2026-09-28","needsReview":false},"geometry":{"type":"Polygon","coordinates":[[[-62.102201910939364,-31.421322712122997],[-62.102341768056284,-31.421880588651405],[-62.104024770799036,-31.421596917966532],[-62.10389545721956,-31.421047472045263],[-62.102201910939364,-31.421322712122997]]]}},{"type":"Feature","properties":{"id":"T44-C01","territorioId":44,"numero":1,"areaM2":9918,"source":"OpenStreetMap highways + Territorio OESTE.kml","updatedAt":"2026-09-28","needsReview":false},"geometry":{"type":"Polygon","coordinates":[[[-62.10910460469754,-31.42015060875913],[-62.10900141058898,-31.41963629521361],[-62.10723960820572,-31.419914591796363],[-62.1073462268309,-31.420439667791417],[-62.10910460469754,-31.42015060875913]]]}},{"type":"Feature","properties":{"id":"T44-C02","territorioId":44,"numero":2,"areaM2":9596,"source":"OpenStreetMap highways + Territorio OESTE.kml","updatedAt":"2026-09-28","needsReview":false},"geometry":{"type":"Polygon","coordinates":[[[-62.10561298629167,-31.42072094634029],[-62.107294513378974,-31.420448114504037],[-62.107187864686075,-31.419922890431305],[-62.10549837038736,-31.420197847726794],[-62.10561298629167,-31.42072094634029]]]}},{"type":"Feature","properties":{"id":"T44-C03","territorioId":44,"numero":3,"areaM2":10604,"source":"OpenStreetMap highways + Territorio OESTE.kml","updatedAt":"2026-09-28","needsReview":false},"geometry":{"type":"Polygon","coordinates":[[[-62.10923812948458,-31.420751428271654],[-62.109114037015395,-31.420195110782995],[-62.10735576373786,-31.420484152621917],[-62.10748043997007,-31.421036029638074],[-62.10923812948458,-31.420751428271654]]]}},{"type":"Feature","properties":{"id":"T44-C04","territorioId":44,"numero":4,"areaM2":10057,"source":"OpenStreetMap highways + Territorio OESTE.kml","updatedAt":"2026-09-28","needsReview":false},"geometry":{"type":"Polygon","coordinates":[[[-62.105742490017136,-31.421311991881847],[-62.107428697876585,-31.42104432450244],[-62.10730405561369,-31.420492597850792],[-62.10562272599766,-31.420765397646854],[-62.105742490017136,-31.421311991881847]]]}},{"type":"Feature","properties":{"id":"T45-C01","territorioId":45,"numero":1,"areaM2":10309,"source":"OpenStreetMap highways + Territorio OESTE.kml","updatedAt":"2026-09-28","needsReview":false},"geometry":{"type":"Polygon","coordinates":[[[-62.09693858757715,-31.422835028006023],[-62.09712472351935,-31.423733615313186],[-62.09765317679913,-31.42364534238988],[-62.097599234949016,-31.42338337863577],[-62.09755585561266,-31.423196100198357],[-62.097555369684464,-31.423196075606572],[-62.097552631454676,-31.42319568536164],[-62.09754995628196,-31.423195049438483],[-62.097531856281954,-31.423189849438486],[-62.09752926336449,-31.423188970766883],[-62.097526793124906,-31.423187861349913],[-62.09752447327225,-31.423186533632066],[-62.09750917327226,-31.423176733632065],[-62.0975069924589,-31.423175172741974],[-62.09750501991757,-31.42317341910412],[-62.09750327858972,-31.423171493114026],[-62.09749237858971,-31.423157993114025],[-62.09749088640338,-31.423155913503265],[-62.097489663957816,-31.42315370769653],[-62.09748872551925,-31.423151401436076],[-62.09748342551925,-31.423135701436077],[-62.09748278162752,-31.42313331962526],[-62.09748244071403,-31.423130891995164],[-62.09748240676397,-31.423128446924075],[-62.097483206763975,-31.423112146924073],[-62.097483477790966,-31.423109726543803],[-62.09748404961501,-31.423107345158137],[-62.09748491562627,-31.423105030294092],[-62.09749171562627,-31.423089730294095],[-62.09749286000908,-31.423087518478507],[-62.09749427290495,-31.423085424441233],[-62.09749593812866,-31.423083472170187],[-62.09750803812866,-31.42307077217019],[-62.09750996744655,-31.423068957975833],[-62.09751211443983,-31.423067334407342],[-62.09751445375403,-31.423065920637907],[-62.09753065375403,-31.423057220637904],[-62.09753305638957,-31.423056075656262],[-62.09753558483013,-31.423055152174165],[-62.09753821152017,-31.42305446025594],[-62.09755681152017,-31.42305046025594],[-62.09755971849277,-31.423049982534884],[-62.0975626694992,-31.423049788348134],[-62.09756562721535,-31.423049880151748],[-62.097585727215346,-31.42305148015175],[-62.09758856895098,-31.42305184168134],[-62.09759134790303,-31.42305246724432],[-62.09759403095811,-31.423053349386638],[-62.097612530958116,-31.42306044938664],[-62.09761459376681,-31.423061336191804],[-62.09761655829896,-31.423062374814545],[-62.097618409463834,-31.42306355727658],[-62.09762013304153,-31.423064874494717],[-62.09763463304153,-31.423076974494716],[-62.097636635328875,-31.423078844356723],[-62.097638380893315,-31.423080895451236],[-62.09763984769799,-31.423083101884252],[-62.09764884769799,-31.423098601884252],[-62.09765001905397,-31.423100940101655],[-62.097650877220886,-31.423103376636544],[-62.09765141132582,-31.42310588061816],[-62.09765391132582,-31.42312298061816],[-62.09765409811173,-31.423124952076634],[-62.097654083743734,-31.423126930020864],[-62.097653868331726,-31.423128899321576],[-62.09765345352339,-31.423130844915622],[-62.0976489535234,-31.42314774491562],[-62.09764814239357,-31.423150163332778],[-62.09764702360055,-31.42315248931952],[-62.09764561100016,-31.423154694069424],[-62.097634911000156,-31.423169394069426],[-62.09763361599521,-31.423171012379445],[-62.09763216249525,-31.42317252802984],[-62.09763056146206,-31.42317392959013],[-62.09762882497004,-31.42317520649025],[-62.097612924970036,-31.42318590649025],[-62.09761049903666,-31.423187357841144],[-62.09760789901749,-31.423188566239094],[-62.0976077855303,-31.423188605576414],[-62.09765091021451,-31.42337478462274],[-62.09765101399525,-31.42337525905764],[-62.09770485028171,-31.423636710151378],[-62.098236282400386,-31.42354792565615],[-62.098030792759054,-31.42265111486964],[-62.09693858757715,-31.422835028006023]]]}},{"type":"Feature","properties":{"id":"T45-C02","territorioId":45,"numero":2,"areaM2":9384,"source":"OpenStreetMap highways + Territorio OESTE.kml","updatedAt":"2026-09-28","needsReview":false},"geometry":{"type":"Polygon","coordinates":[[[-62.09592200037225,-31.423001046807858],[-62.096123446791935,-31.423904629342665],[-62.097073070341565,-31.423742341256705],[-62.09688690126087,-31.42284359397062],[-62.09592200037225,-31.423001046807858]]]}},{"type":"Feature","properties":{"id":"T45-C03","territorioId":45,"numero":3,"areaM2":10316,"source":"OpenStreetMap highways + Territorio OESTE.kml","updatedAt":"2026-09-28","needsReview":false},"geometry":{"type":"Polygon","coordinates":[[[-62.09713447172822,-31.423778065984024],[-62.09733221108276,-31.424631672553463],[-62.0984333063106,-31.42445081587095],[-62.0982462112497,-31.423592346155505],[-62.09768862120275,-31.423685500764094],[-62.09713447172822,-31.423778065984024]]]}},{"type":"Feature","properties":{"id":"T45-C04","territorioId":45,"numero":4,"areaM2":8815,"source":"OpenStreetMap highways + Territorio OESTE.kml","updatedAt":"2026-09-28","needsReview":false},"geometry":{"type":"Polygon","coordinates":[[[-62.096133175228864,-31.423949084957794],[-62.09631289422533,-31.424786569778952],[-62.09728043810515,-31.424639844782202],[-62.09708282704583,-31.42378679204102],[-62.096133175228864,-31.423949084957794]]]}},{"type":"Feature","properties":{"id":"T45-C05","territorioId":45,"numero":5,"areaM2":5945,"source":"OpenStreetMap highways + Territorio OESTE.kml","updatedAt":"2026-09-28","needsReview":false},"geometry":{"type":"Polygon","coordinates":[[[-62.098551019700686,-31.424991263259226],[-62.09844299288333,-31.424495276070587],[-62.09734214872697,-31.42467609151423],[-62.097440689428836,-31.42513264455537],[-62.09746156882388,-31.42515733845528],[-62.097518546969596,-31.425162839793487],[-62.098551019700686,-31.424991263259226]]]}},{"type":"Feature","properties":{"id":"T45-C06","territorioId":45,"numero":6,"areaM2":6400,"source":"OpenStreetMap highways + Territorio OESTE.kml","updatedAt":"2026-09-28","needsReview":false},"geometry":{"type":"Polygon","coordinates":[[[-62.09828414353159,-31.425081683195444],[-62.09752459628665,-31.425207904915368],[-62.09752196656424,-31.425208224615375],[-62.09751931273815,-31.425208314900104],[-62.09751666183785,-31.425208174849995],[-62.09744416183785,-31.425201174849995],[-62.0974471,-31.4251787],[-62.0974258103898,-31.42519199465322],[-62.097394610389806,-31.425155094653217],[-62.09739331970881,-31.425153415914835],[-62.09739220775102,-31.425151645236383],[-62.097391283317606,-31.425149796632795],[-62.097390553725454,-31.425147884735782],[-62.0973900247493,-31.42514592467803],[-62.09729038251003,-31.424684268057952],[-62.09632267535869,-31.424831017814313],[-62.096461784270744,-31.425448397695746],[-62.09828414353159,-31.425081683195444]]]}},{"type":"Feature","properties":{"id":"T46-C01","territorioId":46,"numero":1,"areaM2":9531,"source":"OpenStreetMap highways + Territorio OESTE.kml","updatedAt":"2026-09-28","needsReview":false},"geometry":{"type":"Polygon","coordinates":[[[-62.099431474810075,-31.42239659413073],[-62.09943641453596,-31.42241848359721],[-62.0991879355702,-31.422459896758166],[-62.099380850962575,-31.423329464337616],[-62.099381177843284,-31.42333138049039],[-62.09938131277383,-31.423333313651064],[-62.09938177683349,-31.42335665585175],[-62.09984557846131,-31.42327919929199],[-62.10035859274616,-31.423193474662142],[-62.100300419842455,-31.42292240187875],[-62.10030038605688,-31.422922241195504],[-62.1001713839697,-31.422295795635605],[-62.09943642518954,-31.422418481820213],[-62.09943147796735,-31.42239659363203],[-62.099431474810075,-31.42239659413073]]]}},{"type":"Feature","properties":{"id":"T46-C02","territorioId":46,"numero":2,"areaM2":10238,"source":"OpenStreetMap highways + Territorio OESTE.kml","updatedAt":"2026-09-28","needsReview":false},"geometry":{"type":"Polygon","coordinates":[[[-62.09820401566858,-31.423172988791777],[-62.098287949369784,-31.423539297517163],[-62.09878098081211,-31.423456998899383],[-62.099329310127466,-31.423365418283908],[-62.09932872582848,-31.423336028044858],[-62.09913625636365,-31.42246847048719],[-62.09808914852331,-31.42264139432878],[-62.09820401566858,-31.423172988791777]]]}},{"type":"Feature","properties":{"id":"T46-C03","territorioId":46,"numero":3,"areaM2":4500,"source":"OpenStreetMap highways + Territorio OESTE.kml","updatedAt":"2026-09-28","needsReview":false},"geometry":{"type":"Polygon","coordinates":[[[-62.1004283947354,-31.42352808310923],[-62.10036799960645,-31.42323798238996],[-62.099881494961295,-31.423319277261847],[-62.100077987602425,-31.424180763391277],[-62.10055004337203,-31.424103289966347],[-62.100428407564074,-31.42352814424575],[-62.1004283947354,-31.42352808310923]]]}},{"type":"Feature","properties":{"id":"T46-C04","territorioId":46,"numero":4,"areaM2":4472,"source":"OpenStreetMap highways + Territorio OESTE.kml","updatedAt":"2026-09-28","needsReview":false},"geometry":{"type":"Polygon","coordinates":[[[-62.10002628860428,-31.424189250684382],[-62.099829828726854,-31.423327908201454],[-62.09937925012204,-31.423403156468247],[-62.09937027243554,-31.423454271360733],[-62.09954127790065,-31.424268896828476],[-62.10002628860428,-31.424189250684382]]]}},{"type":"Feature","properties":{"id":"T46-C05","territorioId":46,"numero":5,"areaM2":4569,"source":"OpenStreetMap highways + Territorio OESTE.kml","updatedAt":"2026-09-28","needsReview":false},"geometry":{"type":"Polygon","coordinates":[[[-62.09931757814731,-31.423451224514288],[-62.099324412090496,-31.4234123151281],[-62.09881673254736,-31.42349710651835],[-62.09900625026217,-31.424356735289933],[-62.09948957705742,-31.424277385827285],[-62.09931770144678,-31.423458615212976],[-62.099317346101834,-31.42345616045136],[-62.099317304837456,-31.423453687021752],[-62.09931757814731,-31.423451224514288]]]}},{"type":"Feature","properties":{"id":"T46-C06","territorioId":46,"numero":6,"areaM2":4378,"source":"OpenStreetMap highways + Territorio OESTE.kml","updatedAt":"2026-09-28","needsReview":false},"geometry":{"type":"Polygon","coordinates":[[[-62.09895455204137,-31.424365223578093],[-62.09876506490039,-31.423505733485538],[-62.09829787924027,-31.4235837178305],[-62.098485004386546,-31.424442325590842],[-62.09895455204137,-31.424365223578093]]]}},{"type":"Feature","properties":{"id":"T46-C07","territorioId":46,"numero":7,"areaM2":11091,"source":"OpenStreetMap highways + Territorio OESTE.kml","updatedAt":"2026-09-28","needsReview":false},"geometry":{"type":"Polygon","coordinates":[[[-62.10066643206593,-31.424639661961443],[-62.10055957982497,-31.42414777477836],[-62.100062137908694,-31.424229414557896],[-62.09952503809145,-31.424317614527855],[-62.09899023854633,-31.42440541445318],[-62.09849469097973,-31.424486785778136],[-62.098602696425715,-31.42498267484369],[-62.10066643206593,-31.424639661961443]]]}},{"type":"Feature","properties":{"id":"T47-C01","territorioId":47,"numero":1,"areaM2":13780,"source":"OpenStreetMap highways + Territorio OESTE.kml","updatedAt":"2026-09-28","needsReview":false},"geometry":{"type":"Polygon","coordinates":[[[-62.10230469365452,-31.421951081988524],[-62.10088049538926,-31.422175304086284],[-62.10022304316639,-31.422287094073216],[-62.100347586150264,-31.42289188583257],[-62.10243871427552,-31.42255702432987],[-62.10230469365452,-31.421951081988524]]]}},{"type":"Feature","properties":{"id":"T47-C02","territorioId":47,"numero":2,"areaM2":12687,"source":"OpenStreetMap highways + Territorio OESTE.kml","updatedAt":"2026-09-28","needsReview":false},"geometry":{"type":"Polygon","coordinates":[[[-62.1003569443731,-31.422936398305346],[-62.100415080157546,-31.42320729812125],[-62.1004151052646,-31.423207416890772],[-62.10047551863979,-31.42349760525361],[-62.10257449492929,-31.423154134642356],[-62.102448680397174,-31.422601439457143],[-62.1003569443731,-31.422936398305346]]]}},{"type":"Feature","properties":{"id":"T48-C01","territorioId":48,"numero":1,"areaM2":12697,"source":"OpenStreetMap highways + Territorio OESTE.kml","updatedAt":"2026-09-28","needsReview":false},"geometry":{"type":"Polygon","coordinates":[[[-62.100484859153,-31.423542121973032],[-62.10060176001313,-31.424094878850866],[-62.10271243486077,-31.423754680386445],[-62.10258464548491,-31.42319851879845],[-62.100484859153,-31.423542121973032]]]}},{"type":"Feature","properties":{"id":"T48-C02","territorioId":48,"numero":2,"areaM2":11388,"source":"OpenStreetMap highways + Territorio OESTE.kml","updatedAt":"2026-09-28","needsReview":false},"geometry":{"type":"Polygon","coordinates":[[[-62.102722938866265,-31.423799008503863],[-62.100611295110376,-31.424139363142896],[-62.10071815081964,-31.42463126629206],[-62.10284400096463,-31.424294362669784],[-62.102722938866265,-31.423799008503863]]]}},{"type":"Feature","properties":{"id":"T49-C01","territorioId":49,"numero":1,"areaM2":11174,"source":"OpenStreetMap highways + Territorio OESTE.kml","updatedAt":"2026-09-28","needsReview":false},"geometry":{"type":"Polygon","coordinates":[[[-62.10235640506718,-31.42194265352136],[-62.10249043913961,-31.422548656680124],[-62.1041724154842,-31.422273792875593],[-62.10403883800363,-31.421659078877532],[-62.10235640506718,-31.42194265352136]]]}},{"type":"Feature","properties":{"id":"T49-C02","territorioId":49,"numero":2,"areaM2":10109,"source":"OpenStreetMap highways + Territorio OESTE.kml","updatedAt":"2026-09-28","needsReview":false},"geometry":{"type":"Polygon","coordinates":[[[-62.10426087807176,-31.422684190143766],[-62.10418203772279,-31.422318263442733],[-62.10250040632793,-31.42259307088053],[-62.102626204652935,-31.423145694868946],[-62.10429896497897,-31.422873391808817],[-62.10426087807176,-31.422684190143766]]]}},{"type":"Feature","properties":{"id":"T50-C01","territorioId":50,"numero":1,"areaM2":10106,"source":"OpenStreetMap highways + Territorio OESTE.kml","updatedAt":"2026-09-28","needsReview":false},"geometry":{"type":"Polygon","coordinates":[[[-62.1043103,-31.4229297],[-62.10352415809182,-31.423045556852443],[-62.1026363558559,-31.423190079210862],[-62.10276417217348,-31.42374635805392],[-62.10443146149761,-31.423478710923114],[-62.104325878514835,-31.42298631545763],[-62.1043103,-31.4229297]]]}},{"type":"Feature","properties":{"id":"T50-C02","territorioId":50,"numero":2,"areaM2":9123,"source":"OpenStreetMap highways + Territorio OESTE.kml","updatedAt":"2026-09-28","needsReview":false},"geometry":{"type":"Polygon","coordinates":[[[-62.10447222895672,-31.423518182412327],[-62.10446692951749,-31.423519032149997],[-62.102774686268745,-31.42379068509253],[-62.10289572965898,-31.424285962709767],[-62.10460519481605,-31.424001407100704],[-62.10447222895672,-31.423518182412327]]]}},{"type":"Feature","properties":{"id":"T51-C01","territorioId":51,"numero":1,"areaM2":10786,"source":"OpenStreetMap highways + Territorio OESTE.kml","updatedAt":"2026-09-28","needsReview":false},"geometry":{"type":"Polygon","coordinates":[[[-62.104224125356104,-31.422265356363365],[-62.10583008414149,-31.42200376799943],[-62.105697422863095,-31.421383730726713],[-62.10409050315783,-31.421650436577597],[-62.104224125356104,-31.422265356363365]]]}},{"type":"Feature","properties":{"id":"T51-C02","territorioId":51,"numero":2,"areaM2":9687,"source":"OpenStreetMap highways + Territorio OESTE.kml","updatedAt":"2026-09-28","needsReview":false},"geometry":{"type":"Polygon","coordinates":[[[-62.10595848146028,-31.42260385623319],[-62.10583960268602,-31.422048255357574],[-62.10423374787187,-31.422309826786037],[-62.10435326770239,-31.42286456178105],[-62.10595848146028,-31.42260385623319]]]}},{"type":"Feature","properties":{"id":"T52-C01","territorioId":52,"numero":1,"areaM2":9656,"source":"OpenStreetMap highways + Territorio OESTE.kml","updatedAt":"2026-09-28","needsReview":false},"geometry":{"type":"Polygon","coordinates":[[[-62.10436518614881,-31.422920037531068],[-62.10448320098435,-31.423470410028155],[-62.10451514666123,-31.423465287704104],[-62.10608601516383,-31.42319972089618],[-62.10596800163946,-31.42264834319819],[-62.1051997426053,-31.422773117479135],[-62.10436518614881,-31.422920037531068]]]}},{"type":"Feature","properties":{"id":"T52-C02","territorioId":52,"numero":2,"areaM2":8326,"source":"OpenStreetMap highways + Territorio OESTE.kml","updatedAt":"2026-09-28","needsReview":false},"geometry":{"type":"Polygon","coordinates":[[[-62.1060962094681,-31.42324409686257],[-62.104550921218184,-31.423505339141716],[-62.104660565479456,-31.42399232101118],[-62.10621819458649,-31.423740940689395],[-62.1060962094681,-31.42324409686257]]]}},{"type":"Feature","properties":{"id":"T53-C01","territorioId":53,"numero":1,"areaM2":11313,"source":"OpenStreetMap highways + Territorio OESTE.kml","updatedAt":"2026-09-28","needsReview":false},"geometry":{"type":"Polygon","coordinates":[[[-62.10589001725732,-31.421994094478457],[-62.10757079699949,-31.421724683040985],[-62.107442205184896,-31.42110657707462],[-62.10575606172974,-31.421374234230537],[-62.10589001725732,-31.421994094478457]]]}},{"type":"Feature","properties":{"id":"T53-C02","territorioId":53,"numero":2,"areaM2":10153,"source":"OpenStreetMap highways + Territorio OESTE.kml","updatedAt":"2026-09-28","needsReview":false},"geometry":{"type":"Polygon","coordinates":[[[-62.10601965150464,-31.422593958613447],[-62.107708784525805,-31.422321393309005],[-62.10758057677042,-31.421769127988657],[-62.10589962793513,-31.42203856652999],[-62.10601965150464,-31.422593958613447]]]}},{"type":"Feature","properties":{"id":"T54-C01","territorioId":54,"numero":1,"areaM2":10152,"source":"OpenStreetMap highways + Territorio OESTE.kml","updatedAt":"2026-09-28","needsReview":false},"geometry":{"type":"Polygon","coordinates":[[[-62.107746324354665,-31.422483079299315],[-62.10771908361704,-31.422365754351723],[-62.10602907413118,-31.422638461086034],[-62.106138673857004,-31.42319101837276],[-62.10783933751964,-31.42291607291861],[-62.107746324354665,-31.422483079299315]]]}},{"type":"Feature","properties":{"id":"T54-C02","territorioId":54,"numero":2,"areaM2":9146,"source":"OpenStreetMap highways + Territorio OESTE.kml","updatedAt":"2026-09-28","needsReview":false},"geometry":{"type":"Polygon","coordinates":[[[-62.107848892697625,-31.422960554053077],[-62.106147903646274,-31.42323555211266],[-62.10626991734818,-31.4237325123598],[-62.10795513915912,-31.423455151134142],[-62.107848892697625,-31.422960554053077]]]}},{"type":"Feature","properties":{"id":"T55-C01","territorioId":55,"numero":1,"areaM2":11782,"source":"OpenStreetMap highways + Territorio OESTE.kml","updatedAt":"2026-09-28","needsReview":false},"geometry":{"type":"Polygon","coordinates":[[[-62.109378736114806,-31.42143339019779],[-62.109246545312836,-31.420814505266247],[-62.107493947344516,-31.421098282220278],[-62.107622534970844,-31.421716368054796],[-62.109378736114806,-31.42143339019779]]]}},{"type":"Feature","properties":{"id":"T55-C02","territorioId":55,"numero":2,"areaM2":10437,"source":"OpenStreetMap highways + Territorio OESTE.kml","updatedAt":"2026-09-28","needsReview":false},"geometry":{"type":"Polygon","coordinates":[[[-62.1094460085274,-31.42178284681957],[-62.10938774445005,-31.421477959359027],[-62.10763231683815,-31.42176081256637],[-62.107760499562104,-31.422312970061757],[-62.10948952598493,-31.422028679053188],[-62.1094460085274,-31.42178284681957]]]}},{"type":"Feature","properties":{"id":"T56-C01","territorioId":56,"numero":1,"areaM2":10329,"source":"OpenStreetMap highways + Territorio OESTE.kml","updatedAt":"2026-09-28","needsReview":false},"geometry":{"type":"Polygon","coordinates":[[[-62.109498520568245,-31.422073253065587],[-62.107770798326825,-31.42235732963727],[-62.107898297442894,-31.422906464074032],[-62.10962240737087,-31.422622555490708],[-62.109498520568245,-31.422073253065587]]]}},{"type":"Feature","properties":{"id":"T56-C02","territorioId":56,"numero":2,"areaM2":9359,"source":"OpenStreetMap highways + Territorio OESTE.kml","updatedAt":"2026-09-28","needsReview":false},"geometry":{"type":"Polygon","coordinates":[[[-62.10974625249447,-31.423171039263064],[-62.10963242830751,-31.422666960717013],[-62.10790859697531,-31.422950823424067],[-62.10802313279463,-31.423444116717032],[-62.10974625249447,-31.423171039263064]]]}},{"type":"Feature","properties":{"id":"T57-C01","territorioId":57,"numero":1,"areaM2":11449,"source":"OpenStreetMap highways + Territorio OESTE.kml","updatedAt":"2026-09-28","needsReview":true},"geometry":{"type":"Polygon","coordinates":[[[-62.104671412099435,-31.42403950634404],[-62.10482820744053,-31.424709577494788],[-62.106381136539916,-31.424466935347564],[-62.10622860502681,-31.42378528374871],[-62.105615181022316,-31.4238842821065],[-62.104671412099435,-31.42403950634404]]]}},{"type":"Feature","properties":{"id":"T57-C02","territorioId":57,"numero":2,"areaM2":11306,"source":"OpenStreetMap highways + Territorio OESTE.kml","updatedAt":"2026-09-28","needsReview":true},"geometry":{"type":"Polygon","coordinates":[[[-62.10313651771741,-31.424291954591048],[-62.10290904629492,-31.424329819223097],[-62.10291963036017,-31.424359465405864],[-62.10294373645995,-31.424407305310446],[-62.103403904855845,-31.424938869057293],[-62.10477644279557,-31.424717792375926],[-62.10461971482486,-31.424048009135177],[-62.10313651771741,-31.424291954591048]]]}},{"type":"Feature","properties":{"id":"T57-C03","territorioId":57,"numero":3,"areaM2":11321,"source":"OpenStreetMap highways + Territorio OESTE.kml","updatedAt":"2026-09-28","needsReview":true},"geometry":{"type":"Polygon","coordinates":[[[-62.10639143500354,-31.424511300248604],[-62.10483854535573,-31.424753936231593],[-62.104994909748775,-31.425427513140082],[-62.106551104882236,-31.425174356844117],[-62.10639143500354,-31.424511300248604]]]}},{"type":"Feature","properties":{"id":"T57-C04","territorioId":57,"numero":4,"areaM2":8658,"source":"OpenStreetMap highways + Territorio OESTE.kml","updatedAt":"2026-09-28","needsReview":true},"geometry":{"type":"Polygon","coordinates":[[[-62.10494324530199,-31.425436154298154],[-62.10478678106367,-31.424762147282337],[-62.10343791733509,-31.424979410724095],[-62.10395665472273,-31.42560565115406],[-62.10494324530199,-31.425436154298154]]]}},{"type":"Feature","properties":{"id":"T57-C05","territorioId":57,"numero":5,"areaM2":11556,"source":"OpenStreetMap highways + Territorio OESTE.kml","updatedAt":"2026-09-28","needsReview":true},"geometry":{"type":"Polygon","coordinates":[[[-62.106561324135505,-31.425218730150757],[-62.10500528012027,-31.42547186186793],[-62.1051657542098,-31.426153289877128],[-62.10671224641724,-31.425905816282132],[-62.106561324135505,-31.425218730150757]]]}},{"type":"Feature","properties":{"id":"T57-C06","territorioId":57,"numero":6,"areaM2":7244,"source":"OpenStreetMap highways + Territorio OESTE.kml","updatedAt":"2026-09-28","needsReview":true},"geometry":{"type":"Polygon","coordinates":[[[-62.10413599670932,-31.42632414491225],[-62.10511403996782,-31.426161723432983],[-62.10495361414933,-31.42548050039916],[-62.10397614904185,-31.425648429493517],[-62.10413599670932,-31.42632414491225]]]}},{"type":"Feature","properties":{"id":"T57-C07","territorioId":57,"numero":7,"areaM2":10585,"source":"OpenStreetMap highways + Territorio OESTE.kml","updatedAt":"2026-09-28","needsReview":true},"geometry":{"type":"Polygon","coordinates":[[[-62.10672235922842,-31.425950207972456],[-62.10517584010408,-31.42619768587476],[-62.10531320725368,-31.42682484955709],[-62.10687028646381,-31.42657665740111],[-62.10672235922842,-31.425950207972456]]]}},{"type":"Feature","properties":{"id":"T57-C08","territorioId":57,"numero":8,"areaM2":6674,"source":"OpenStreetMap highways + Territorio OESTE.kml","updatedAt":"2026-09-28","needsReview":true},"geometry":{"type":"Polygon","coordinates":[[[-62.10526150523468,-31.426833321123922],[-62.105124129271076,-31.42620611720036],[-62.10414623567812,-31.426368513824997],[-62.104287728795384,-31.426997247597562],[-62.10526150523468,-31.426833321123922]]]}},{"type":"Feature","properties":{"id":"T57-C09","territorioId":57,"numero":9,"areaM2":9134,"source":"OpenStreetMap highways + Territorio OESTE.kml","updatedAt":"2026-09-28","needsReview":true},"geometry":{"type":"Polygon","coordinates":[[[-62.1057135,-31.427139],[-62.1069849,-31.4269055],[-62.10691714655955,-31.426615161278004],[-62.10690628124693,-31.42661692380457],[-62.10690619923824,-31.42661693699202],[-62.105297129176066,-31.426873416280454],[-62.10429687565152,-31.427041799932397],[-62.10432259103365,-31.427180853481577],[-62.10434489283622,-31.427301563251817],[-62.104358975134446,-31.427378000341736],[-62.10501341506747,-31.42727068337605],[-62.1057135,-31.427139]]]}},{"type":"Feature","properties":{"id":"T58-C01","territorioId":58,"numero":1,"areaM2":12937,"source":"OpenStreetMap highways + Territorio OESTE.kml","updatedAt":"2026-09-28","needsReview":true},"geometry":{"type":"Polygon","coordinates":[[[-62.10981563029948,-31.423478426683605],[-62.10975627727559,-31.42321544571148],[-62.10803343042516,-31.42348847992468],[-62.10819353972612,-31.424178434500373],[-62.1099123528189,-31.42390731219705],[-62.10981563029948,-31.423478426683605]]]}},{"type":"Feature","properties":{"id":"T58-C02","territorioId":58,"numero":2,"areaM2":12734,"source":"OpenStreetMap highways + Territorio OESTE.kml","updatedAt":"2026-09-28","needsReview":true},"geometry":{"type":"Polygon","coordinates":[[[-62.106432906870154,-31.42445876941792],[-62.10814177408161,-31.424186639496245],[-62.107981699434475,-31.423496834253356],[-62.106280316620094,-31.423776855328118],[-62.106432906870154,-31.42445876941792]]]}},{"type":"Feature","properties":{"id":"T58-C03","territorioId":58,"numero":3,"areaM2":12223,"source":"OpenStreetMap highways + Territorio OESTE.kml","updatedAt":"2026-09-28","needsReview":true},"geometry":{"type":"Polygon","coordinates":[[[-62.11003523041784,-31.424451927207798],[-62.109922370074955,-31.423951720203625],[-62.108203837676776,-31.42422279823072],[-62.10835680636838,-31.42488160337977],[-62.10961333720597,-31.424676689483235],[-62.11006881846608,-31.424600636988917],[-62.11003523041784,-31.424451927207798]]]}},{"type":"Feature","properties":{"id":"T58-C04","territorioId":58,"numero":4,"areaM2":12287,"source":"OpenStreetMap highways + Territorio OESTE.kml","updatedAt":"2026-09-28","needsReview":true},"geometry":{"type":"Polygon","coordinates":[[[-62.1081520716957,-31.424231002146215],[-62.10644321608375,-31.42450313022072],[-62.1066028305745,-31.4251659568083],[-62.10830508794871,-31.42489001213303],[-62.1081520716957,-31.424231002146215]]]}},{"type":"Feature","properties":{"id":"T58-C05","territorioId":58,"numero":5,"areaM2":12691,"source":"OpenStreetMap highways + Territorio OESTE.kml","updatedAt":"2026-09-28","needsReview":true},"geometry":{"type":"Polygon","coordinates":[[[-62.11023195185064,-31.42532366095259],[-62.1100788424076,-31.4246450416002],[-62.109623319220454,-31.424721101095148],[-62.10962320632025,-31.424721119726456],[-62.108367104631604,-31.424925963637776],[-62.10852579025075,-31.425609626355545],[-62.10967764019712,-31.425418205640106],[-62.11023195185064,-31.42532366095259]]]}},{"type":"Feature","properties":{"id":"T58-C06","territorioId":58,"numero":6,"areaM2":12733,"source":"OpenStreetMap highways + Territorio OESTE.kml","updatedAt":"2026-09-28","needsReview":true},"geometry":{"type":"Polygon","coordinates":[[[-62.1083153863579,-31.424934372867895],[-62.106613042139415,-31.42521033162107],[-62.10676397228976,-31.425897453574976],[-62.108474096820096,-31.425618142616553],[-62.1083153863579,-31.424934372867895]]]}},{"type":"Feature","properties":{"id":"T58-C07","territorioId":58,"numero":7,"areaM2":11718,"source":"OpenStreetMap highways + Territorio OESTE.kml","updatedAt":"2026-09-28","needsReview":true},"geometry":{"type":"Polygon","coordinates":[[[-62.11034693022892,-31.425833326370444],[-62.110241970146824,-31.425368066951975],[-62.10968782310601,-31.425462583562766],[-62.10968769643889,-31.42546260489007],[-62.10853608865395,-31.425653985361798],[-62.1086820966238,-31.42628276312575],[-62.110385098971655,-31.426002258404512],[-62.11034693022892,-31.425833326370444]]]}},{"type":"Feature","properties":{"id":"T58-C08","territorioId":58,"numero":8,"areaM2":11695,"source":"OpenStreetMap highways + Territorio OESTE.kml","updatedAt":"2026-09-28","needsReview":true},"geometry":{"type":"Polygon","coordinates":[[[-62.10848439544009,-31.425662502697282],[-62.10677409006289,-31.425941843193034],[-62.10692202805638,-31.4265683381806],[-62.10863038820588,-31.4262912149859],[-62.10848439544009,-31.425662502697282]]]}},{"type":"Feature","properties":{"id":"T58-C09","territorioId":58,"numero":9,"areaM2":11000,"source":"OpenStreetMap highways + Territorio OESTE.kml","updatedAt":"2026-09-28","needsReview":true},"geometry":{"type":"Polygon","coordinates":[[[-62.1069849,-31.4269055],[-62.108772,-31.4266167],[-62.11046009551915,-31.426334585547174],[-62.1104482310988,-31.4262820302251],[-62.110424729992886,-31.42617792532406],[-62.110395123253525,-31.426046663074974],[-62.10866635371162,-31.426331411959232],[-62.10866628124693,-31.42633142380457],[-62.10691714655955,-31.426615161278004],[-62.1069849,-31.4269055]]]}},{"type":"Feature","properties":{"id":"T59-C01","territorioId":59,"numero":1,"areaM2":159105,"source":"OpenStreetMap highways + Territorio OESTE.kml","updatedAt":"2026-09-28","needsReview":false},"geometry":{"type":"Polygon","coordinates":[[[-62.113223425420514,-31.416473388688036],[-62.11306189081491,-31.41651214014492],[-62.11305938572638,-31.416512647528545],[-62.111693498183385,-31.416739245461955],[-62.10854223175834,-31.417264291486266],[-62.10903619156018,-31.419485153543008],[-62.111396019322626,-31.41910247610303],[-62.112804520370936,-31.41887397593303],[-62.11420252023133,-31.41864727595567],[-62.11558466820821,-31.41842313324201],[-62.11542851605718,-31.417766327321306],[-62.115428473826135,-31.417766145909336],[-62.11506538429115,-31.41617256464016],[-62.113223425420514,-31.416473388688036]]]}},{"type":"Feature","properties":{"id":"T59-C02","territorioId":59,"numero":2,"areaM2":154068,"source":"OpenStreetMap highways + Territorio OESTE.kml","updatedAt":"2026-09-28","needsReview":false},"geometry":{"type":"Polygon","coordinates":[[[-62.10953079497589,-31.421747060774024],[-62.11124349109757,-31.421470096835204],[-62.11145084633105,-31.421434530409584],[-62.11178211108691,-31.421334952025013],[-62.111784877639934,-31.421334263883708],[-62.11195717763993,-31.42130006388371],[-62.1119581742211,-31.42129988345336],[-62.11266655966645,-31.421183885836673],[-62.11350234511493,-31.421046188234072],[-62.113502549717666,-31.42104615524576],[-62.11435134613632,-31.420912287353588],[-62.114726640594874,-31.42084783809181],[-62.11447170072179,-31.419648658280483],[-62.1145182992782,-31.419641341719515],[-62.11477318779223,-31.420840279949424],[-62.11520214177747,-31.420774571480862],[-62.11589807631554,-31.42065648620282],[-62.11594000255162,-31.420646344219143],[-62.115981131663325,-31.420625221349557],[-62.1160022895543,-31.420614205257564],[-62.11602148560397,-31.420596964361096],[-62.11602313927693,-31.420595602971126],[-62.11602492440579,-31.420594370283148],[-62.116026827473505,-31.420593275631113],[-62.11602883406997,-31.42059232730376],[-62.11603909089154,-31.420587968154592],[-62.11559460482229,-31.41846755261416],[-62.11423862255598,-31.418687452038775],[-62.114319365609326,-31.419021196237225],[-62.11426783439068,-31.419030403762775],[-62.114186893236024,-31.418695840730273],[-62.11283980505086,-31.418914284858726],[-62.11291692166221,-31.41929249647471],[-62.112865078337784,-31.41930030352529],[-62.11278808048228,-31.418922674336855],[-62.111432223630636,-31.41914263407453],[-62.11151004483278,-31.41945821117959],[-62.111458555167225,-31.419467588820407],[-62.11138049064439,-31.419151025011992],[-62.10904528130632,-31.41952971024721],[-62.10905915553904,-31.41960466210774],[-62.109171170644444,-31.42016293899796],[-62.10917902387981,-31.420198145745044],[-62.10930940664198,-31.42077224584049],[-62.109312337803566,-31.420771783446515],[-62.10936032972487,-31.42099646985803],[-62.10953079497589,-31.421747060774024]]]}},{"type":"Feature","properties":{"id":"T60-C01","territorioId":60,"numero":1,"areaM2":28284,"source":"OpenStreetMap highways + Territorio OESTE.kml","updatedAt":"2026-09-28","needsReview":false},"geometry":{"type":"Polygon","coordinates":[[[-62.12188311975324,-31.415051962896317],[-62.12075672893146,-31.415229439844246],[-62.1212293796681,-31.41750752241294],[-62.12239197175654,-31.417327406521675],[-62.12188311975324,-31.415051962896317]]]}},{"type":"Feature","properties":{"id":"T60-C02","territorioId":60,"numero":2,"areaM2":32593,"source":"OpenStreetMap highways + Territorio OESTE.kml","updatedAt":"2026-09-28","needsReview":false},"geometry":{"type":"Polygon","coordinates":[[[-62.11938214352111,-31.41546139464588],[-62.119862051499055,-31.417729152919346],[-62.12117761904625,-31.41751572921984],[-62.120705005388416,-31.415237825363647],[-62.119832648584165,-31.415383144162348],[-62.11938214352111,-31.41546139464588]]]}},{"type":"Feature","properties":{"id":"T60-C03","territorioId":60,"numero":3,"areaM2":34437,"source":"OpenStreetMap highways + Territorio OESTE.kml","updatedAt":"2026-09-28","needsReview":false},"geometry":{"type":"Polygon","coordinates":[[[-62.1185145,-31.4156121],[-62.117926621601875,-31.415704422704557],[-62.11841148848595,-31.41796446338733],[-62.11981033052144,-31.41773754333842],[-62.11933054363863,-31.415470357288225],[-62.1185145,-31.4156121]]]}},{"type":"Feature","properties":{"id":"T60-C04","territorioId":60,"numero":4,"areaM2":32426,"source":"OpenStreetMap highways + Territorio OESTE.kml","updatedAt":"2026-09-28","needsReview":false},"geometry":{"type":"Polygon","coordinates":[[[-62.11754125644305,-31.415764941944282],[-62.116559755603554,-31.415928405663887],[-62.11703497926003,-31.418187846994975],[-62.118359768483614,-31.41797285504926],[-62.1178748456965,-31.41571255379362],[-62.11754125644305,-31.415764941944282]]]}},{"type":"Feature","properties":{"id":"T60-C05","territorioId":60,"numero":5,"areaM2":33762,"source":"OpenStreetMap highways + Territorio OESTE.kml","updatedAt":"2026-09-28","needsReview":false},"geometry":{"type":"Polygon","coordinates":[[[-62.11511342871521,-31.41614803783034],[-62.11548010549005,-31.417757363310457],[-62.11563639411865,-31.41841474328204],[-62.1169832582316,-31.41819623914698],[-62.116508001065824,-31.415936638496632],[-62.11646916554574,-31.415942529948232],[-62.11518206279774,-31.416136900160467],[-62.11511342871521,-31.41614803783034]]]}},{"type":"Feature","properties":{"id":"T61-C01","territorioId":61,"numero":1,"areaM2":26685,"source":"OpenStreetMap highways + Territorio OESTE.kml","updatedAt":"2026-09-28","needsReview":false},"geometry":{"type":"Polygon","coordinates":[[[-62.12263390217655,-31.419518129277865],[-62.122634011714844,-31.419518110519085],[-62.12286452840752,-31.419479070703687],[-62.12273398284246,-31.418863614023454],[-62.122401884540615,-31.41737183239335],[-62.12123896451268,-31.41755199909101],[-62.121713935671046,-31.41967742157554],[-62.12263390217655,-31.419518129277865]]]}},{"type":"Feature","properties":{"id":"T61-C02","territorioId":61,"numero":2,"areaM2":30717,"source":"OpenStreetMap highways + Territorio OESTE.kml","updatedAt":"2026-09-28","needsReview":false},"geometry":{"type":"Polygon","coordinates":[[[-62.12166228716253,-31.41968613214758],[-62.12118720338959,-31.41756020573023],[-62.1198714869392,-31.417773653586206],[-62.12032442363345,-31.41990570810886],[-62.12166228716253,-31.41968613214758]]]}},{"type":"Feature","properties":{"id":"T61-C03","territorioId":61,"numero":3,"areaM2":31993,"source":"OpenStreetMap highways + Territorio OESTE.kml","updatedAt":"2026-09-28","needsReview":false},"geometry":{"type":"Polygon","coordinates":[[[-62.119819766190034,-31.417782043965126],[-62.11842136074951,-31.41800889318964],[-62.11891065044306,-31.42013767069122],[-62.12027272277652,-31.419914192147193],[-62.119819766190034,-31.417782043965126]]]}},{"type":"Feature","properties":{"id":"T61-C04","territorioId":61,"numero":4,"areaM2":31029,"source":"OpenStreetMap highways + Territorio OESTE.kml","updatedAt":"2026-09-28","needsReview":false},"geometry":{"type":"Polygon","coordinates":[[[-62.11704458170321,-31.418232685326725],[-62.117509904424296,-31.42036752838115],[-62.11885895008225,-31.420146153936642],[-62.118369639387765,-31.418017285065233],[-62.117191921130306,-31.418208409762798],[-62.11704458170321,-31.418232685326725]]]}},{"type":"Feature","properties":{"id":"T61-C05","territorioId":61,"numero":5,"areaM2":31447,"source":"OpenStreetMap highways + Territorio OESTE.kml","updatedAt":"2026-09-28","needsReview":false},"geometry":{"type":"Polygon","coordinates":[[[-62.116090380043936,-31.420575831110714],[-62.11609666450352,-31.420575224892747],[-62.116098921995885,-31.4205750912595],[-62.11610118450104,-31.420575124783262],[-62.116103435291244,-31.42057532521617],[-62.116105657725335,-31.420575691076337],[-62.116136157725336,-31.42058189107634],[-62.11613903986242,-31.420582628687534],[-62.116141805264284,-31.420583644055924],[-62.11614441782079,-31.420584923923006],[-62.11617061782079,-31.420599523923006],[-62.116172511568166,-31.420600684496883],[-62.116174278677455,-31.420601984238125],[-62.116175905344726,-31.420603412993692],[-62.11617737886313,-31.42060495960273],[-62.11617946407804,-31.42060735704233],[-62.116204348468465,-31.42058952861542],[-62.11620631351378,-31.420588249905876],[-62.116208409146665,-31.42058713479911],[-62.116210616983764,-31.420586193077096],[-62.116212917657435,-31.420585433000817],[-62.11625011765744,-31.420574833000817],[-62.116253461516436,-31.420574085536522],[-62.116441657787924,-31.420543186148695],[-62.11745820680658,-31.42037602074524],[-62.1169928894104,-31.418241202120793],[-62.11564711647971,-31.4184629309374],[-62.116089993797914,-31.420575671950026],[-62.116090380043936,-31.420575831110714]]]}},{"type":"Feature","properties":{"id":"T62-C01","territorioId":62,"numero":1,"areaM2":30768,"source":"OpenStreetMap highways + Territorio OESTE.kml","updatedAt":"2026-09-28","needsReview":false},"geometry":{"type":"Polygon","coordinates":[[[-62.118004762086,-31.422521226010183],[-62.11933177573344,-31.42230645869444],[-62.118868912582705,-31.420190568828055],[-62.11751985096654,-31.420411945891267],[-62.118004762086,-31.422521226010183]]]}},{"type":"Feature","properties":{"id":"T62-C02","territorioId":62,"numero":2,"areaM2":31013,"source":"OpenStreetMap highways + Territorio OESTE.kml","updatedAt":"2026-09-28","needsReview":false},"geometry":{"type":"Polygon","coordinates":[[[-62.11613781390762,-31.4207741681995],[-62.11615572673125,-31.42081147288725],[-62.116156605430206,-31.420813597504953],[-62.11615723358776,-31.420815786757306],[-62.116470133587754,-31.422199886757305],[-62.116470148096134,-31.422199951437502],[-62.11659251834492,-31.422749800473674],[-62.11795303607274,-31.42252959773183],[-62.11746815270697,-31.420420438336723],[-62.11645153848357,-31.42058761446348],[-62.11626503902263,-31.42061823525701],[-62.11623421875934,-31.420627017375043],[-62.11620528979533,-31.420647743537568],[-62.11620925998417,-31.420658868791985],[-62.11620984110509,-31.42066079608864],[-62.116210222742566,-31.42066275983876],[-62.11621040193906,-31.42066474482405],[-62.116210377305855,-31.42066673566166],[-62.116208677305856,-31.42069343566166],[-62.116208452779254,-31.420695394444145],[-62.11620803092889,-31.42069732903191],[-62.116207414949855,-31.42069922477238],[-62.116206609507564,-31.42070106730722],[-62.116194409507564,-31.42072566730722],[-62.116193125750534,-31.420727904912443],[-62.11619156302546,-31.42073000738945],[-62.11618974034809,-31.420731949154614],[-62.11617074034809,-31.420750049154613],[-62.11616876093139,-31.420751744444953],[-62.11616658349388,-31.420753249793737],[-62.116164232588815,-31.42075454822633],[-62.11613953258882,-31.42076664822633],[-62.11613709042783,-31.42076770412413],[-62.11613650346437,-31.4207678952605],[-62.11613781390762,-31.4207741681995]]]}},{"type":"Feature","properties":{"id":"T62-C03","territorioId":62,"numero":3,"areaM2":29671,"source":"OpenStreetMap highways + Territorio OESTE.kml","updatedAt":"2026-09-28","needsReview":false},"geometry":{"type":"Polygon","coordinates":[[[-62.11849163782743,-31.424639218730665],[-62.11979479840024,-31.424422666652607],[-62.11934150117276,-31.422350912304633],[-62.118014963587754,-31.4225656025732],[-62.11849163782743,-31.424639218730665]]]}},{"type":"Feature","properties":{"id":"T62-C04","territorioId":62,"numero":4,"areaM2":30933,"source":"OpenStreetMap highways + Territorio OESTE.kml","updatedAt":"2026-09-28","needsReview":false},"geometry":{"type":"Polygon","coordinates":[[[-62.117065401062405,-31.42487442483023],[-62.11843995399747,-31.42464777392562],[-62.117963237580476,-31.422573974289467],[-62.11660240620317,-31.422794227796157],[-62.117065401062405,-31.42487442483023]]]}},{"type":"Feature","properties":{"id":"T63-C01","territorioId":63,"numero":1,"areaM2":1195,"source":"OpenStreetMap highways + Territorio OESTE.kml","updatedAt":"2026-09-28","needsReview":false},"geometry":{"type":"Polygon","coordinates":[[[-62.12281071766974,-31.41953428641954],[-62.12267117091817,-31.419557919759743],[-62.12283526720543,-31.42013769565062],[-62.12300687423682,-31.420109869478217],[-62.12287446934384,-31.419524393041815],[-62.12281071766974,-31.41953428641954]]]}},{"type":"Feature","properties":{"id":"T63-C02","territorioId":63,"numero":2,"areaM2":31093,"source":"OpenStreetMap highways + Territorio OESTE.kml","updatedAt":"2026-09-28","needsReview":false},"geometry":{"type":"Polygon","coordinates":[[[-62.12214201648652,-31.42185166772431],[-62.12167217188439,-31.41973055980191],[-62.12033386922754,-31.419950207834702],[-62.12078374378197,-31.42207146479649],[-62.12214201648652,-31.42185166772431]]]}},{"type":"Feature","properties":{"id":"T63-C03","territorioId":63,"numero":3,"areaM2":31204,"source":"OpenStreetMap highways + Territorio OESTE.kml","updatedAt":"2026-09-28","needsReview":false},"geometry":{"type":"Polygon","coordinates":[[[-62.119383499733075,-31.42229808747115],[-62.12073201878048,-31.42207983562048],[-62.12028216823644,-31.419958691872974],[-62.11892061210735,-31.420182085722086],[-62.119383499733075,-31.42229808747115]]]}},{"type":"Feature","properties":{"id":"T63-C04","territorioId":63,"numero":4,"areaM2":43073,"source":"OpenStreetMap highways + Territorio OESTE.kml","updatedAt":"2026-09-28","needsReview":false},"geometry":{"type":"Polygon","coordinates":[[[-62.122998304818694,-31.4210527332472],[-62.12290420281646,-31.420620383495965],[-62.12278995298265,-31.420168976809933],[-62.12261950611716,-31.419566763408703],[-62.12172382128204,-31.419721851332582],[-62.12219865251068,-31.42186547132169],[-62.12266333997098,-31.423963638589743],[-62.123592965248406,-31.42379619232418],[-62.123506270643155,-31.423391838820695],[-62.123398228280784,-31.422942678435422],[-62.12339811018446,-31.422942156616518],[-62.12332271018446,-31.422586756616518],[-62.12332268203081,-31.422586621594277],[-62.123279801492544,-31.422377316589305],[-62.123062421896414,-31.42136681143822],[-62.12306237925508,-31.421366608021422],[-62.122998304818694,-31.4210527332472]]]}},{"type":"Feature","properties":{"id":"T63-C05","territorioId":63,"numero":5,"areaM2":6807,"source":"OpenStreetMap highways + Territorio OESTE.kml","updatedAt":"2026-09-28","needsReview":false},"geometry":{"type":"Polygon","coordinates":[[[-62.123557871719214,-31.423382921564578],[-62.1235579809487,-31.423383401809605],[-62.12364418541785,-31.42378546926254],[-62.12375773561647,-31.42375869007264],[-62.12375906440055,-31.42375840841214],[-62.12382718986316,-31.423745573180057],[-62.123016904634994,-31.420154273646652],[-62.122847065707596,-31.420181813120042],[-62.12295571534235,-31.420611093145506],[-62.122955867981084,-31.42061174178193],[-62.12305006798109,-31.421044541781928],[-62.12305012074492,-31.421044791978577],[-62.12311419996506,-31.42135869018645],[-62.12333157810359,-31.42236918856178],[-62.12333161796919,-31.422369378405723],[-62.1233745041306,-31.422578710857916],[-62.12344983433567,-31.422933781877603],[-62.123557871719214,-31.423382921564578]]]}},{"type":"Feature","properties":{"id":"T63-C06","territorioId":63,"numero":6,"areaM2":31006,"source":"OpenStreetMap highways + Territorio OESTE.kml","updatedAt":"2026-09-28","needsReview":false},"geometry":{"type":"Polygon","coordinates":[[[-62.12123708923559,-31.42420930527106],[-62.12261177375673,-31.423972722691357],[-62.122151858390076,-31.421896102487825],[-62.12079318088277,-31.422115965065593],[-62.12123708923559,-31.42420930527106]]]}},{"type":"Feature","properties":{"id":"T63-C07","territorioId":63,"numero":7,"areaM2":30360,"source":"OpenStreetMap highways + Territorio OESTE.kml","updatedAt":"2026-09-28","needsReview":false},"geometry":{"type":"Polygon","coordinates":[[[-62.11984657877554,-31.42441455309184],[-62.121185340855945,-31.42421756587742],[-62.12074145587731,-31.422124335897667],[-62.11939322517184,-31.42234254108148],[-62.11984657877554,-31.42441455309184]]]}},{"type":"Feature","properties":{"id":"T64-C01","territorioId":64,"numero":1,"areaM2":6929,"source":"OpenStreetMap highways + Territorio OESTE.kml","updatedAt":"2026-09-28","needsReview":false},"geometry":{"type":"Polygon","coordinates":[[[-62.10037211692587,-31.428756490253328],[-62.10023395688545,-31.428126157973413],[-62.09922628705284,-31.428293738364637],[-62.09936824179657,-31.428928273319794],[-62.10037211692587,-31.428756490253328]]]}},{"type":"Feature","properties":{"id":"T64-C02","territorioId":64,"numero":2,"areaM2":7006,"source":"OpenStreetMap highways + Territorio OESTE.kml","updatedAt":"2026-09-28","needsReview":false},"geometry":{"type":"Polygon","coordinates":[[[-62.09818434244356,-31.428456394656788],[-62.09817460705979,-31.428515708383827],[-62.098321626665246,-31.429111166538117],[-62.099316641296426,-31.428937198297945],[-62.09917460171686,-31.428302284128208],[-62.098384010542205,-31.428432241668187],[-62.09838094409783,-31.428432645736546],[-62.09823911513154,-31.428446761732715],[-62.09818434244356,-31.428456394656788]]]}},{"type":"Feature","properties":{"id":"T64-C03","territorioId":64,"numero":3,"areaM2":6832,"source":"OpenStreetMap highways + Territorio OESTE.kml","updatedAt":"2026-09-28","needsReview":false},"geometry":{"type":"Polygon","coordinates":[[[-62.09715872422005,-31.428898982364327],[-62.09717353744233,-31.428896515207175],[-62.097195635712126,-31.428994507534764],[-62.097261824069584,-31.429287335244474],[-62.09826999350391,-31.429119962999657],[-62.09812215652317,-31.42852119431559],[-62.098121778288515,-31.428519247411185],[-62.098121599025,-31.428517279579534],[-62.098121620098084,-31.428515305809764],[-62.09812184134725,-31.428513341136235],[-62.09812904852198,-31.42846943075686],[-62.09808630291697,-31.42848463526386],[-62.09808256922845,-31.42848578944157],[-62.09807872569975,-31.428486636461002],[-62.09755252569975,-31.428580136461],[-62.09755245789256,-31.428580148459652],[-62.09746726438307,-31.42859516093754],[-62.09744061170765,-31.428609294932087],[-62.097437806788854,-31.428610657884008],[-62.097434888805864,-31.428611832513305],[-62.09739908880586,-31.428624832513304],[-62.097396098613714,-31.428625805092175],[-62.097393031171976,-31.428626579885307],[-62.097355331171975,-31.428634779885307],[-62.097352264496905,-31.4286353433832],[-62.097349157526494,-31.428635709171292],[-62.0973104575265,-31.42863900917129],[-62.097307127286314,-31.428639179011054],[-62.09730379185295,-31.428639121741703],[-62.09728441105749,-31.42863812785476],[-62.0972763170812,-31.428637752361016],[-62.09723151660828,-31.428657123517084],[-62.09719860842791,-31.428682701439268],[-62.09717711815864,-31.428715410893226],[-62.097164822009184,-31.42875112025877],[-62.097155052670765,-31.42881550908019],[-62.097156635632096,-31.428823834284273],[-62.09717349002617,-31.428896308178782],[-62.097158694167426,-31.42889884946041],[-62.09715872422005,-31.428898982364327]]]}},{"type":"Feature","properties":{"id":"T64-C04","territorioId":64,"numero":4,"areaM2":6273,"source":"OpenStreetMap highways + Territorio OESTE.kml","updatedAt":"2026-09-28","needsReview":false},"geometry":{"type":"Polygon","coordinates":[[[-62.09937818060115,-31.428972693057855],[-62.09950549729953,-31.429541627955242],[-62.10050905282355,-31.429380138448064],[-62.100381869104126,-31.428800941926873],[-62.09937818060115,-31.428972693057855]]]}},{"type":"Feature","properties":{"id":"T64-C05","territorioId":64,"numero":5,"areaM2":6125,"source":"OpenStreetMap highways + Territorio OESTE.kml","updatedAt":"2026-09-28","needsReview":false},"geometry":{"type":"Polygon","coordinates":[[[-62.09945379629674,-31.429550103706752],[-62.09932658048359,-31.428981619631923],[-62.09833209201186,-31.429155495878437],[-62.098458431341314,-31.429716283070846],[-62.09945379629674,-31.429550103706752]]]}},{"type":"Feature","properties":{"id":"T64-C06","territorioId":64,"numero":6,"areaM2":6239,"source":"OpenStreetMap highways + Territorio OESTE.kml","updatedAt":"2026-09-28","needsReview":false},"geometry":{"type":"Polygon","coordinates":[[[-62.098406838001885,-31.429725237344705],[-62.09828046340016,-31.429164293587935],[-62.09727185451446,-31.429331738788704],[-62.097401601469095,-31.429906464934508],[-62.098406838001885,-31.429725237344705]]]}},{"type":"Feature","properties":{"id":"T65-C01","territorioId":65,"numero":1,"areaM2":9049,"source":"OpenStreetMap highways + Territorio OESTE.kml","updatedAt":"2026-09-28","needsReview":false},"geometry":{"type":"Polygon","coordinates":[[[-62.09951929147766,-31.42960329849685],[-62.099705080381824,-31.430434136051247],[-62.100703983085346,-31.430269728362113],[-62.100521931545536,-31.429438867178614],[-62.09951929147766,-31.42960329849685]]]}},{"type":"Feature","properties":{"id":"T65-C02","territorioId":65,"numero":2,"areaM2":8928,"source":"OpenStreetMap highways + Territorio OESTE.kml","updatedAt":"2026-09-28","needsReview":false},"geometry":{"type":"Polygon","coordinates":[[[-62.098472372694324,-31.429774991451424],[-62.098675232199554,-31.43060370802135],[-62.09965338703631,-31.43044264600002],[-62.09946759115938,-31.429611777263815],[-62.098472372694324,-31.429774991451424]]]}},{"type":"Feature","properties":{"id":"T65-C03","territorioId":65,"numero":3,"areaM2":9211,"source":"OpenStreetMap highways + Territorio OESTE.kml","updatedAt":"2026-09-28","needsReview":false},"geometry":{"type":"Polygon","coordinates":[[[-62.09752968365247,-31.429929590900226],[-62.09741162637397,-31.42995087468304],[-62.09759904070439,-31.430781178110433],[-62.098623532408325,-31.430612227506156],[-62.098420663300224,-31.429783471706813],[-62.09752968365247,-31.429929590900226]]]}},{"type":"Feature","properties":{"id":"T65-C04","territorioId":65,"numero":4,"areaM2":9687,"source":"OpenStreetMap highways + Territorio OESTE.kml","updatedAt":"2026-09-28","needsReview":false},"geometry":{"type":"Polygon","coordinates":[[[-62.10091688979919,-31.431208155698002],[-62.10071389328811,-31.430314151823545],[-62.09971518096063,-31.430478528179012],[-62.09992103700441,-31.43136806256204],[-62.10091688979919,-31.431208155698002]]]}},{"type":"Feature","properties":{"id":"T65-C05","territorioId":65,"numero":5,"areaM2":9454,"source":"OpenStreetMap highways + Territorio OESTE.kml","updatedAt":"2026-09-28","needsReview":false},"geometry":{"type":"Polygon","coordinates":[[[-62.099869285582244,-31.431376327248554],[-62.0996634863356,-31.430487038324376],[-62.098685754963455,-31.430648030618503],[-62.09888927196615,-31.43153200105324],[-62.099869285582244,-31.431376327248554]]]}},{"type":"Feature","properties":{"id":"T65-C06","territorioId":65,"numero":6,"areaM2":9857,"source":"OpenStreetMap highways + Territorio OESTE.kml","updatedAt":"2026-09-28","needsReview":false},"geometry":{"type":"Polygon","coordinates":[[[-62.09883751170762,-31.431540224618246],[-62.09863406251994,-31.430656548736145],[-62.097609065426646,-31.430825582679066],[-62.09780739290807,-31.431703917300336],[-62.09883751170762,-31.431540224618246]]]}},{"type":"Feature","properties":{"id":"T66-C01","territorioId":66,"numero":1,"areaM2":19230,"source":"OpenStreetMap highways + Territorio OESTE.kml","updatedAt":"2026-09-28","needsReview":false},"geometry":{"type":"Polygon","coordinates":[[[-62.100873445032846,-31.43078065274811],[-62.100968600980025,-31.43119972293313],[-62.102323846181065,-31.430975288058445],[-62.102930290860684,-31.430875397170574],[-62.103269635586194,-31.430818206486133],[-62.103269769654304,-31.43081818420153],[-62.1050131566419,-31.43053243151606],[-62.10491078633743,-31.430077122525198],[-62.100873445032846,-31.43078065274811]]]}},{"type":"Feature","properties":{"id":"T67-C01","territorioId":67,"numero":1,"areaM2":13442,"source":"OpenStreetMap highways + Territorio OESTE.kml","updatedAt":"2026-09-28","needsReview":false},"geometry":{"type":"Polygon","coordinates":[[[-62.1045115900462,-31.428047997014698],[-62.106582176288825,-31.42770051260503],[-62.10645178086641,-31.427108493695584],[-62.10437716446979,-31.427448695332757],[-62.1045115900462,-31.428047997014698]]]}},{"type":"Feature","properties":{"id":"T67-C02","territorioId":67,"numero":2,"areaM2":24853,"source":"OpenStreetMap highways + Territorio OESTE.kml","updatedAt":"2026-09-28","needsReview":false},"geometry":{"type":"Polygon","coordinates":[[[-62.104767568285766,-31.429189209822635],[-62.10530606611538,-31.4291008847818],[-62.10580656590061,-31.429018784817032],[-62.105806613078755,-31.42901877711645],[-62.10632751332691,-31.428934177076147],[-62.10684098135036,-31.428850788498366],[-62.106646970964334,-31.42798193394549],[-62.10659219753457,-31.427744917701812],[-62.10452155248667,-31.428092411980142],[-62.104767568285766,-31.429189209822635]]]}},{"type":"Feature","properties":{"id":"T68-C01","territorioId":68,"numero":1,"areaM2":6795,"source":"OpenStreetMap highways + Territorio OESTE.kml","updatedAt":"2026-09-28","needsReview":false},"geometry":{"type":"Polygon","coordinates":[[[-62.106365640788304,-31.428985407329595],[-62.1066498114797,-31.430263744153184],[-62.107138688835036,-31.430183530647163],[-62.106852998853064,-31.428904595346317],[-62.106365640788304,-31.428985407329595]]]}},{"type":"Feature","properties":{"id":"T68-C02","territorioId":68,"numero":2,"areaM2":6519,"source":"OpenStreetMap highways + Territorio OESTE.kml","updatedAt":"2026-09-28","needsReview":false},"geometry":{"type":"Polygon","coordinates":[[[-62.10584513483448,-31.4290717157781],[-62.10612960330329,-31.43034904811869],[-62.106598111512135,-31.430272224300516],[-62.106313960664586,-31.42899397674415],[-62.10584513483448,-31.4290717157781]]]}},{"type":"Feature","properties":{"id":"T68-C03","territorioId":68,"numero":3,"areaM2":6336,"source":"OpenStreetMap highways + Territorio OESTE.kml","updatedAt":"2026-09-28","needsReview":false},"geometry":{"type":"Polygon","coordinates":[[[-62.1053444515444,-31.429154737302913],[-62.10561533804007,-31.430433413388403],[-62.10574796740468,-31.430411684570007],[-62.10607790366475,-31.43035752977107],[-62.105793454739946,-31.429080285187815],[-62.1053444515444,-31.429154737302913]]]}},{"type":"Feature","properties":{"id":"T68-C04","territorioId":68,"numero":4,"areaM2":7033,"source":"OpenStreetMap highways + Territorio OESTE.kml","updatedAt":"2026-09-28","needsReview":false},"geometry":{"type":"Polygon","coordinates":[[[-62.1047808,-31.4292482],[-62.104886231526365,-31.42972948592702],[-62.10506485436837,-31.430523940787296],[-62.105500265639996,-31.43045228485978],[-62.105563635260424,-31.430441889394427],[-62.105292768650585,-31.429163307176793],[-62.1047808,-31.4292482]]]}},{"type":"Feature","properties":{"id":"T69-C01","territorioId":69,"numero":1,"areaM2":9643,"source":"OpenStreetMap highways + Territorio OESTE.kml","updatedAt":"2026-09-28","needsReview":false},"geometry":{"type":"Polygon","coordinates":[[[-62.108841979174265,-31.42759689712913],[-62.10864578183349,-31.42674393036074],[-62.10760329097002,-31.426927109265208],[-62.107806300841276,-31.42777276523719],[-62.108841979174265,-31.42759689712913]]]}},{"type":"Feature","properties":{"id":"T69-C02","territorioId":69,"numero":2,"areaM2":9748,"source":"OpenStreetMap highways + Territorio OESTE.kml","updatedAt":"2026-09-28","needsReview":false},"geometry":{"type":"Polygon","coordinates":[[[-62.1066935460066,-31.42795127071008],[-62.10775460598484,-31.42778129138023],[-62.107551614667905,-31.426935712697947],[-62.106503520325575,-31.42710019256881],[-62.10663873549524,-31.42771409400646],[-62.1066935460066,-31.42795127071008]]]}},{"type":"Feature","properties":{"id":"T69-C03","territorioId":69,"numero":3,"areaM2":9641,"source":"OpenStreetMap highways + Territorio OESTE.kml","updatedAt":"2026-09-28","needsReview":false},"geometry":{"type":"Polygon","coordinates":[[[-62.10885218575178,-31.427641271001356],[-62.10781669049967,-31.427817108020527],[-62.10801135218361,-31.428668657838124],[-62.10853883815655,-31.428579806053058],[-62.108539022219134,-31.428579775633388],[-62.109049035010315,-31.428497104281856],[-62.10885218575178,-31.427641271001356]]]}},{"type":"Feature","properties":{"id":"T69-C04","territorioId":69,"numero":4,"areaM2":9817,"source":"OpenStreetMap highways + Territorio OESTE.kml","updatedAt":"2026-09-28","needsReview":false},"geometry":{"type":"Polygon","coordinates":[[[-62.107765001091806,-31.427825637764634],[-62.10670363099193,-31.42799566677524],[-62.10689272252468,-31.42884249277518],[-62.10738523441968,-31.4287645576625],[-62.1073854018824,-31.428764531644],[-62.107837201112794,-31.428695631761364],[-62.10795961024538,-31.42867695778751],[-62.107765001091806,-31.427825637764634]]]}},{"type":"Feature","properties":{"id":"T70-C01","territorioId":70,"numero":1,"areaM2":6782,"source":"OpenStreetMap highways + Territorio OESTE.kml","updatedAt":"2026-09-28","needsReview":false},"geometry":{"type":"Polygon","coordinates":[[[-62.10857475814862,-31.428620013036717],[-62.108862633048105,-31.42989916713019],[-62.10935276429242,-31.42981704142991],[-62.10905924394798,-31.428541479524377],[-62.10857475814862,-31.428620013036717]]]}},{"type":"Feature","properties":{"id":"T70-C02","territorioId":70,"numero":2,"areaM2":6969,"source":"OpenStreetMap highways + Territorio OESTE.kml","updatedAt":"2026-09-28","needsReview":false},"geometry":{"type":"Polygon","coordinates":[[[-62.108523071920196,-31.428628554946126],[-62.108021464303945,-31.42871304768033],[-62.1083000866644,-31.429940415400985],[-62.108334498851384,-31.429987307544188],[-62.108407528415114,-31.429975390922987],[-62.108810972103875,-31.42990782138834],[-62.108523071920196,-31.428628554946126]]]}},{"type":"Feature","properties":{"id":"T70-C03","territorioId":70,"numero":3,"areaM2":7623,"source":"OpenStreetMap highways + Territorio OESTE.kml","updatedAt":"2026-09-28","needsReview":false},"geometry":{"type":"Polygon","coordinates":[[[-62.107422055431286,-31.428809971214754],[-62.10771172236422,-31.430089550102274],[-62.10821937562026,-31.4300060850072],[-62.108247858695435,-31.429946571589966],[-62.10796972453348,-31.42872135444716],[-62.10784639811761,-31.428740168356],[-62.107790824047186,-31.42874864346324],[-62.107422055431286,-31.428809971214754]]]}},{"type":"Feature","properties":{"id":"T70-C04","territorioId":70,"numero":4,"areaM2":6516,"source":"OpenStreetMap highways + Territorio OESTE.kml","updatedAt":"2026-09-28","needsReview":false},"geometry":{"type":"Polygon","coordinates":[[[-62.10690467614132,-31.428896013538218],[-62.1071903887962,-31.430175050337557],[-62.1076600239976,-31.430098038811437],[-62.10737038083223,-31.428818564915066],[-62.10690467614132,-31.428896013538218]]]}},{"type":"Feature","properties":{"id":"T71-C01","territorioId":71,"numero":1,"areaM2":6978,"source":"OpenStreetMap highways + Territorio OESTE.kml","updatedAt":"2026-09-28","needsReview":false},"geometry":{"type":"Polygon","coordinates":[[[-62.11068138944976,-31.427301425949135],[-62.11048759040066,-31.426433033693304],[-62.11038795753878,-31.42644906656763],[-62.10974857636599,-31.426552170865556],[-62.10994153342277,-31.427419071228528],[-62.11068138944976,-31.427301425949135]]]}},{"type":"Feature","properties":{"id":"T71-C02","territorioId":71,"numero":2,"areaM2":9353,"source":"OpenStreetMap highways + Territorio OESTE.kml","updatedAt":"2026-09-28","needsReview":false},"geometry":{"type":"Polygon","coordinates":[[[-62.10988979212915,-31.427427365726313],[-62.10969691750381,-31.42656083570402],[-62.10869735817214,-31.426734907716224],[-62.10889366089293,-31.427588332623603],[-62.10988979212915,-31.427427365726313]]]}},{"type":"Feature","properties":{"id":"T71-C03","territorioId":71,"numero":3,"areaM2":6872,"source":"OpenStreetMap highways + Territorio OESTE.kml","updatedAt":"2026-09-28","needsReview":false},"geometry":{"type":"Polygon","coordinates":[[[-62.11069130249123,-31.42734584991818],[-62.10995142227308,-31.427463499044233],[-62.11014087615249,-31.42831466313702],[-62.11088243809323,-31.4282024909827],[-62.11069130249123,-31.42734584991818]]]}},{"type":"Feature","properties":{"id":"T71-C04","territorioId":71,"numero":4,"areaM2":9223,"source":"OpenStreetMap highways + Territorio OESTE.kml","updatedAt":"2026-09-28","needsReview":false},"geometry":{"type":"Polygon","coordinates":[[[-62.11008912563161,-31.42832291617832],[-62.10989968084779,-31.427471792949838],[-62.10890386790955,-31.427632708412705],[-62.10910072688458,-31.4284885839372],[-62.109594662229256,-31.428405802008164],[-62.11008912563161,-31.42832291617832]]]}},{"type":"Feature","properties":{"id":"T72-C01","territorioId":72,"numero":1,"areaM2":10130,"source":"OpenStreetMap highways + Territorio OESTE.kml","updatedAt":"2026-09-28","needsReview":false},"geometry":{"type":"Polygon","coordinates":[[[-62.11015360966851,-31.428371885728936],[-62.11043478700918,-31.42963565354518],[-62.11117445008314,-31.429511587020787],[-62.11089521962556,-31.428259785113326],[-62.11015360966851,-31.428371885728936]]]}},{"type":"Feature","properties":{"id":"T72-C02","territorioId":72,"numero":2,"areaM2":6326,"source":"OpenStreetMap highways + Territorio OESTE.kml","updatedAt":"2026-09-28","needsReview":false},"geometry":{"type":"Polygon","coordinates":[[[-62.109632001756395,-31.42845073117525],[-62.10993533450912,-31.429719318612683],[-62.11038312687132,-31.429644312719116],[-62.11010176650024,-31.428379722262175],[-62.109632001756395,-31.42845073117525]]]}},{"type":"Feature","properties":{"id":"T72-C03","territorioId":72,"numero":3,"areaM2":6584,"source":"OpenStreetMap highways + Territorio OESTE.kml","updatedAt":"2026-09-28","needsReview":false},"geometry":{"type":"Polygon","coordinates":[[[-62.109321595123546,-31.428497651762417],[-62.10911093548895,-31.428532957619975],[-62.10940442375593,-31.429808380124943],[-62.109883672314844,-31.429727978983692],[-62.10958014313237,-31.428458570044757],[-62.109321595123546,-31.428497651762417]]]}},{"type":"Feature","properties":{"id":"T73-C01","territorioId":73,"numero":1,"areaM2":9124,"source":"OpenStreetMap highways + Territorio OESTE.kml","updatedAt":"2026-09-28","needsReview":false},"geometry":{"type":"Polygon","coordinates":[[[-62.09993128502942,-31.43141243228656],[-62.10012642545131,-31.432258927495436],[-62.10111519543437,-31.43209487703011],[-62.10092689587595,-31.431252564272828],[-62.09993128502942,-31.43141243228656]]]}},{"type":"Feature","properties":{"id":"T73-C02","territorioId":73,"numero":2,"areaM2":9120,"source":"OpenStreetMap highways + Territorio OESTE.kml","updatedAt":"2026-09-28","needsReview":false},"geometry":{"type":"Polygon","coordinates":[[[-62.098899224899114,-31.43157641874108],[-62.09908569280014,-31.432431681045518],[-62.1000747463552,-31.432267503856067],[-62.09987953430905,-31.43142069794995],[-62.098899224899114,-31.43157641874108]]]}},{"type":"Feature","properties":{"id":"T73-C03","territorioId":73,"numero":3,"areaM2":9524,"source":"OpenStreetMap highways + Territorio OESTE.kml","updatedAt":"2026-09-28","needsReview":false},"geometry":{"type":"Polygon","coordinates":[[[-62.097817420754794,-31.431748323061576],[-62.09800962190165,-31.432599350197364],[-62.099033957109256,-31.43243999873767],[-62.098847468546055,-31.43158464166313],[-62.097817420754794,-31.431748323061576]]]}},{"type":"Feature","properties":{"id":"T73-C04","territorioId":73,"numero":4,"areaM2":9229,"source":"OpenStreetMap highways + Territorio OESTE.kml","updatedAt":"2026-09-28","needsReview":false},"geometry":{"type":"Polygon","coordinates":[[[-62.10013621943028,-31.432303370277747],[-62.100315807397706,-31.433157824978103],[-62.10131214251114,-31.432995396597978],[-62.101125018779875,-31.43213931494011],[-62.10013621943028,-31.432303370277747]]]}},{"type":"Feature","properties":{"id":"T73-C05","territorioId":73,"numero":5,"areaM2":9166,"source":"OpenStreetMap highways + Territorio OESTE.kml","updatedAt":"2026-09-28","needsReview":false},"geometry":{"type":"Polygon","coordinates":[[[-62.0990952371626,-31.43247616527767],[-62.099274881995946,-31.433327431470648],[-62.10026409392223,-31.433166253314536],[-62.100084537179484,-31.43231194717689],[-62.0990952371626,-31.43247616527767]]]}},{"type":"Feature","properties":{"id":"T73-C06","territorioId":73,"numero":6,"areaM2":9459,"source":"OpenStreetMap highways + Territorio OESTE.kml","updatedAt":"2026-09-28","needsReview":false},"geometry":{"type":"Polygon","coordinates":[[[-62.09801964952008,-31.432643757848986],[-62.0982182517855,-31.43352341599624],[-62.09838555213334,-31.433472737998116],[-62.09838821470769,-31.433472027578386],[-62.098390932167725,-31.433471492217272],[-62.09890304014183,-31.433387990917844],[-62.09922316794116,-31.433335855554517],[-62.09904350039509,-31.432484481734853],[-62.09801964952008,-31.432643757848986]]]}},{"type":"Feature","properties":{"id":"T74-C01","territorioId":74,"numero":1,"areaM2":17775,"source":"OpenStreetMap highways + Territorio OESTE.kml","updatedAt":"2026-09-28","needsReview":false},"geometry":{"type":"Polygon","coordinates":[[[-62.100978606285814,-31.431244130664698],[-62.10116687968234,-31.432086326393055],[-62.10310522893146,-31.43176656353768],[-62.10291447997066,-31.430924057295957],[-62.10233376671188,-31.43101970981789],[-62.100978606285814,-31.431244130664698]]]}},{"type":"Feature","properties":{"id":"T74-C02","territorioId":74,"numero":2,"areaM2":18127,"source":"OpenStreetMap highways + Territorio OESTE.kml","updatedAt":"2026-09-28","needsReview":false},"geometry":{"type":"Polygon","coordinates":[[[-62.10117670352199,-31.432130764101903],[-62.10136385360425,-31.432986966314214],[-62.10180963581356,-31.432914291622968],[-62.10330970801092,-31.432669833228704],[-62.10311528072554,-31.431810963641663],[-62.10117670352199,-31.432130764101903]]]}},{"type":"Feature","properties":{"id":"T75-C01","territorioId":75,"numero":1,"areaM2":18946,"source":"OpenStreetMap highways + Territorio OESTE.kml","updatedAt":"2026-09-28","needsReview":false},"geometry":{"type":"Polygon","coordinates":[[[-62.10502301697127,-31.430576863172337],[-62.103279697413384,-31.430862604805633],[-62.10296615095808,-31.430915447637815],[-62.10315694102215,-31.431758135425795],[-62.105209365588806,-31.431427737991992],[-62.10502301697127,-31.430576863172337]]]}},{"type":"Feature","properties":{"id":"T75-C02","territorioId":75,"numero":2,"areaM2":19110,"source":"OpenStreetMap highways + Territorio OESTE.kml","updatedAt":"2026-09-28","needsReview":false},"geometry":{"type":"Polygon","coordinates":[[[-62.1048237355759,-31.432423091661697],[-62.10540662683965,-31.432328097718273],[-62.1052191027817,-31.431472189718516],[-62.10316699302368,-31.431802536474716],[-62.10336142025402,-31.432661405818656],[-62.1048237355759,-31.432423091661697]]]}},{"type":"Feature","properties":{"id":"T76-C01","territorioId":76,"numero":1,"areaM2":5579,"source":"OpenStreetMap highways + Territorio OESTE.kml","updatedAt":"2026-09-28","needsReview":false},"geometry":{"type":"Polygon","coordinates":[[[-62.10720236884151,-31.430229985025335],[-62.10731159604301,-31.43073929070375],[-62.108323885028355,-31.430576190184777],[-62.10822109466085,-31.430072605996422],[-62.10720236884151,-31.430229985025335]]]}},{"type":"Feature","properties":{"id":"T76-C02","territorioId":76,"numero":2,"areaM2":7579,"source":"OpenStreetMap highways + Territorio OESTE.kml","updatedAt":"2026-09-28","needsReview":false},"geometry":{"type":"Polygon","coordinates":[[[-62.106065527179304,-31.43040561131597],[-62.10578374218055,-31.43045186270311],[-62.10589868898342,-31.430963095281136],[-62.10725984905213,-31.43074755659113],[-62.10715056545093,-31.430237987931662],[-62.106065527179304,-31.43040561131597]]]}},{"type":"Feature","properties":{"id":"T76-C03","territorioId":76,"numero":3,"areaM2":6054,"source":"OpenStreetMap highways + Territorio OESTE.kml","updatedAt":"2026-09-28","needsReview":false},"geometry":{"type":"Polygon","coordinates":[[[-62.10526669698869,-31.43141793128592],[-62.105919824148174,-31.431300894282256],[-62.10585195318567,-31.4309936544781],[-62.105732041612455,-31.430460340795808],[-62.1055991312572,-31.43048211564922],[-62.10551014198814,-31.43049671388886],[-62.105074714793865,-31.43056837243453],[-62.10515613745987,-31.43094015140007],[-62.10526669698869,-31.43141793128592]]]}},{"type":"Feature","properties":{"id":"T76-C04","territorioId":76,"numero":4,"areaM2":6857,"source":"OpenStreetMap highways + Territorio OESTE.kml","updatedAt":"2026-09-28","needsReview":false},"geometry":{"type":"Polygon","coordinates":[[[-62.10846822158658,-31.431242398971907],[-62.10833326040619,-31.43062070020112],[-62.107321140084075,-31.43078377354499],[-62.10745517818033,-31.431408226794698],[-62.10846822158658,-31.431242398971907]]]}},{"type":"Feature","properties":{"id":"T76-C05","territorioId":76,"numero":5,"areaM2":9327,"source":"OpenStreetMap highways + Territorio OESTE.kml","updatedAt":"2026-09-28","needsReview":false},"geometry":{"type":"Polygon","coordinates":[[[-62.10597635495035,-31.43131428235224],[-62.10604971162494,-31.431646401652994],[-62.10740350484674,-31.431416835777558],[-62.10726939306232,-31.43079203923176],[-62.105908589774565,-31.43100752142577],[-62.10597635495035,-31.43131428235224]]]}},{"type":"Feature","properties":{"id":"T76-C06","territorioId":76,"numero":6,"areaM2":5731,"source":"OpenStreetMap highways + Territorio OESTE.kml","updatedAt":"2026-09-28","needsReview":false},"geometry":{"type":"Polygon","coordinates":[[[-62.108585128678385,-31.43180925023808],[-62.108477629632844,-31.431286904664884],[-62.107464721777816,-31.431452710298927],[-62.1075765750831,-31.431974329524714],[-62.108585128678385,-31.43180925023808]]]}},{"type":"Feature","properties":{"id":"T76-C07","territorioId":76,"numero":7,"areaM2":7609,"source":"OpenStreetMap highways + Territorio OESTE.kml","updatedAt":"2026-09-28","needsReview":false},"geometry":{"type":"Polygon","coordinates":[[[-62.10752486667271,-31.431982775338174],[-62.10741304893772,-31.43146132199172],[-62.10605952339193,-31.431690842476712],[-62.10617259046936,-31.43220317767136],[-62.10752486667271,-31.431982775338174]]]}},{"type":"Feature","properties":{"id":"T76-C08","territorioId":76,"numero":8,"areaM2":6095,"source":"OpenStreetMap highways + Territorio OESTE.kml","updatedAt":"2026-09-28","needsReview":false},"geometry":{"type":"Polygon","coordinates":[[[-62.105474741930095,-31.43231699163302],[-62.10612087962268,-31.432211608683243],[-62.10600294467345,-31.43167721594453],[-62.10592964182662,-31.431345340348102],[-62.105276963321856,-31.431462296955164],[-62.105474741930095,-31.43231699163302]]]}},{"type":"Feature","properties":{"id":"T77-C01","territorioId":77,"numero":1,"areaM2":11554,"source":"OpenStreetMap highways + Territorio OESTE.kml","updatedAt":"2026-09-28","needsReview":false},"geometry":{"type":"Polygon","coordinates":[[[-62.10835353787366,-31.43003469755371],[-62.10846854603106,-31.430553057054876],[-62.11051653228975,-31.43022643645483],[-62.110397282092634,-31.429706680543333],[-62.10835353787366,-31.43003469755371]]]}},{"type":"Feature","properties":{"id":"T77-C02","territorioId":77,"numero":2,"areaM2":13972,"source":"OpenStreetMap highways + Territorio OESTE.kml","updatedAt":"2026-09-28","needsReview":false},"geometry":{"type":"Polygon","coordinates":[[[-62.11044902337948,-31.42969837616646],[-62.11057332029888,-31.43024012838463],[-62.11072602023869,-31.430906228122055],[-62.11084868395305,-31.431441238632583],[-62.111579874364196,-31.43132859076975],[-62.11118960513492,-31.42957951422126],[-62.11044902337948,-31.42969837616646]]]}},{"type":"Feature","properties":{"id":"T77-C03","territorioId":77,"numero":3,"areaM2":13862,"source":"OpenStreetMap highways + Territorio OESTE.kml","updatedAt":"2026-09-28","needsReview":false},"geometry":{"type":"Polygon","coordinates":[[[-62.11066923288112,-31.430892520424823],[-62.11052671078227,-31.43027081793594],[-62.10847840826649,-31.430597488973863],[-62.108616345424956,-31.43121867282189],[-62.11066923288112,-31.430892520424823]]]}},{"type":"Feature","properties":{"id":"T77-C04","territorioId":77,"numero":4,"areaM2":11547,"source":"OpenStreetMap highways + Territorio OESTE.kml","updatedAt":"2026-09-28","needsReview":false},"geometry":{"type":"Polygon","coordinates":[[[-62.110796918955806,-31.431449439282147],[-62.110679407942555,-31.430936902811858],[-62.10862620941777,-31.431263104629934],[-62.10874175451913,-31.431783692451173],[-62.110796918955806,-31.431449439282147]]]}},{"type":"Feature","properties":{"id":"T78-C01","territorioId":78,"numero":1,"areaM2":8238,"source":"OpenStreetMap highways + Territorio OESTE.kml","updatedAt":"2026-09-28","needsReview":false},"geometry":{"type":"Polygon","coordinates":[[[-62.098957488933614,-31.43352513955555],[-62.09908828635212,-31.434087937532514],[-62.100420614272146,-31.433867070337214],[-62.10029435904523,-31.43329997318109],[-62.0999018546903,-31.433363320402933],[-62.098957488933614,-31.43352513955555]]]}},{"type":"Feature","properties":{"id":"T78-C02","territorioId":78,"numero":2,"areaM2":7343,"source":"OpenStreetMap highways + Territorio OESTE.kml","updatedAt":"2026-09-28","needsReview":false},"geometry":{"type":"Polygon","coordinates":[[[-62.09909820358525,-31.434132359857546],[-62.09919248214756,-31.43457270740514],[-62.09919280122341,-31.434574684421545],[-62.099192916230564,-31.43457667791517],[-62.099193248260946,-31.43462953715195],[-62.099686590974294,-31.43455581819306],[-62.100249192816825,-31.434471717917756],[-62.10054417880809,-31.434427649048846],[-62.10048834278157,-31.43417390736908],[-62.10043046111396,-31.433911504331398],[-62.09909820358525,-31.434132359857546]]]}},{"type":"Feature","properties":{"id":"T78-C03","territorioId":78,"numero":3,"areaM2":13495,"source":"OpenStreetMap highways + Territorio OESTE.kml","updatedAt":"2026-09-28","needsReview":false},"geometry":{"type":"Polygon","coordinates":[[[-62.09824596861615,-31.433647060129257],[-62.09844041877845,-31.434517131425846],[-62.09865427886034,-31.43543406027626],[-62.098696986829076,-31.435615680594246],[-62.09927381303249,-31.435517198071715],[-62.0991059577686,-31.434767774830455],[-62.099105579931795,-31.434765435479285],[-62.09910548803257,-31.43476307502114],[-62.09910568307311,-31.434760719197516],[-62.09910616292645,-31.434758393699365],[-62.09911986292644,-31.434707593699365],[-62.099120506854604,-31.43470561813982],[-62.09914076056055,-31.434652827230348],[-62.09914029634333,-31.434578923849273],[-62.099041753980664,-31.434118661339213],[-62.09890587173921,-31.43353398427551],[-62.09824596861615,-31.433647060129257]]]}},{"type":"Feature","properties":{"id":"T78-C04","territorioId":78,"numero":4,"areaM2":4635,"source":"OpenStreetMap highways + Territorio OESTE.kml","updatedAt":"2026-09-28","needsReview":false},"geometry":{"type":"Polygon","coordinates":[[[-62.10057950249903,-31.434468258925307],[-62.10057950718318,-31.434468282082246],[-62.100284561488635,-31.434512344931104],[-62.100463096300864,-31.43531693550399],[-62.10099863936546,-31.43522676660871],[-62.100984088237176,-31.43516390868756],[-62.10090878846674,-31.434838309680195],[-62.10082455095892,-31.43447423398777],[-62.10078751854119,-31.43443163938872],[-62.10058028593232,-31.434468155331434],[-62.10057950249903,-31.434468258925307]]]}},{"type":"Feature","properties":{"id":"T78-C05","territorioId":78,"numero":5,"areaM2":4531,"source":"OpenStreetMap highways + Territorio OESTE.kml","updatedAt":"2026-09-28","needsReview":false},"geometry":{"type":"Polygon","coordinates":[[[-62.100232699538154,-31.43452009508085],[-62.099721712596164,-31.43459647972677],[-62.09989354361628,-31.435412795551567],[-62.10041144400685,-31.435325630498117],[-62.100232699538154,-31.43452009508085]]]}},{"type":"Feature","properties":{"id":"T78-C06","territorioId":78,"numero":6,"areaM2":4645,"source":"OpenStreetMap highways + Territorio OESTE.kml","updatedAt":"2026-09-28","needsReview":false},"geometry":{"type":"Polygon","coordinates":[[[-62.09917086729612,-31.434718806643243],[-62.099158697007674,-31.434763934428158],[-62.09932545149781,-31.435508443045894],[-62.09984188655654,-31.435421491317143],[-62.09966985650043,-31.434604229941918],[-62.0991871526531,-31.434676359161852],[-62.09917086729612,-31.434718806643243]]]}},{"type":"Feature","properties":{"id":"T79-C01","territorioId":79,"numero":1,"areaM2":4947,"source":"OpenStreetMap highways + Territorio OESTE.kml","updatedAt":"2026-09-28","needsReview":false},"geometry":{"type":"Polygon","coordinates":[[[-62.100477640213256,-31.435381088174044],[-62.10067166826112,-31.43622739259173],[-62.101209714183376,-31.43613963399946],[-62.10111038815988,-31.43571010835333],[-62.101021286564695,-31.43532480144951],[-62.1010145891503,-31.435295792077472],[-62.100477640213256,-31.435381088174044]]]}},{"type":"Feature","properties":{"id":"T79-C02","territorioId":79,"numero":2,"areaM2":4869,"source":"OpenStreetMap highways + Territorio OESTE.kml","updatedAt":"2026-09-28","needsReview":false},"geometry":{"type":"Polygon","coordinates":[[[-62.09990596907618,-31.43547190000577],[-62.10008478056638,-31.436323124997273],[-62.100619956945714,-31.436235827368908],[-62.10042588017321,-31.43538931042586],[-62.09990596907618,-31.43547190000577]]]}},{"type":"Feature","properties":{"id":"T79-C03","territorioId":79,"numero":3,"areaM2":4790,"source":"OpenStreetMap highways + Territorio OESTE.kml","updatedAt":"2026-09-28","needsReview":false},"geometry":{"type":"Polygon","coordinates":[[[-62.09933702626892,-31.43556227843337],[-62.099515112751845,-31.436416021081335],[-62.10003306823041,-31.436331558971528],[-62.09985421216075,-31.435480121761234],[-62.09933702626892,-31.43556227843337]]]}},{"type":"Feature","properties":{"id":"T79-C04","territorioId":79,"numero":4,"areaM2":5267,"source":"OpenStreetMap highways + Territorio OESTE.kml","updatedAt":"2026-09-28","needsReview":false},"geometry":{"type":"Polygon","coordinates":[[[-62.09883337451073,-31.436325360960545],[-62.09886291792852,-31.43632107041621],[-62.09890165867592,-31.43651808456346],[-62.099403077178216,-31.436434299506395],[-62.09940319103487,-31.436434280704987],[-62.09946340006886,-31.43642445638719],[-62.09928526905043,-31.435570500236977],[-62.098707931619984,-31.435662212177952],[-62.09886267144962,-31.43631992876225],[-62.09883330447012,-31.43632503150504],[-62.09883337451073,-31.436325360960545]]]}},{"type":"Feature","properties":{"id":"T79-C05","territorioId":79,"numero":5,"areaM2":778,"source":"OpenStreetMap highways + Territorio OESTE.kml","updatedAt":"2026-09-28","needsReview":false},"geometry":{"type":"Polygon","coordinates":[[[-62.1012464,-31.4362093],[-62.101239555256285,-31.436180806692143],[-62.10065580729788,-31.43627601956701],[-62.10006850600658,-31.43637181977761],[-62.09949880748588,-31.43646471953638],[-62.09941306591755,-31.436478710002074],[-62.09891125811047,-31.43656256011044],[-62.09891862161082,-31.43659380352161],[-62.1012464,-31.4362093]]]}},{"type":"Feature","properties":{"id":"T80-C01","territorioId":80,"numero":1,"areaM2":9059,"source":"OpenStreetMap highways + Territorio OESTE.kml","updatedAt":"2026-09-28","needsReview":false},"geometry":{"type":"Polygon","coordinates":[[[-62.10034608774526,-31.4332916220697],[-62.100472304273545,-31.433858545404238],[-62.1019443673129,-31.43361701770204],[-62.1018205712169,-31.43305358558095],[-62.10136290079124,-31.433127418658927],[-62.10034608774526,-31.4332916220697]]]}},{"type":"Feature","properties":{"id":"T80-C02","territorioId":80,"numero":2,"areaM2":20570,"source":"OpenStreetMap highways + Territorio OESTE.kml","updatedAt":"2026-09-28","needsReview":false},"geometry":{"type":"Polygon","coordinates":[[[-62.1023193,-31.4351199],[-62.10210224193233,-31.43419495965808],[-62.10207244128855,-31.43419980058377],[-62.10204664122652,-31.434082500301752],[-62.10201353989023,-31.433931994221293],[-62.10195413069672,-31.433661465265466],[-62.100482151212624,-31.433902979258395],[-62.10053850317862,-31.434158447497005],[-62.100816916046014,-31.43439036032501],[-62.100816898630136,-31.434390375766565],[-62.100818105439544,-31.434391417656464],[-62.10081968191779,-31.43439306311549],[-62.100844435421486,-31.434421534536735],[-62.1008608,-31.4344334],[-62.100862520793854,-31.434442336289138],[-62.10087028191779,-31.43445126311549],[-62.10087159965275,-31.434452928593533],[-62.10087273975387,-31.434454688214263],[-62.1008736931799,-31.43445652802353],[-62.10087445236999,-31.43445843343127],[-62.10087501130361,-31.434460389327207],[-62.10096041176283,-31.434829491312442],[-62.10103571128146,-31.435155089230996],[-62.101055413435304,-31.43524019855049],[-62.101066566529724,-31.435288507382296],[-62.1023193,-31.4351199]]]}},{"type":"Feature","properties":{"id":"T81-C01","territorioId":81,"numero":1,"areaM2":11202,"source":"OpenStreetMap highways + Territorio OESTE.kml","updatedAt":"2026-09-28","needsReview":false},"geometry":{"type":"Polygon","coordinates":[[[-62.1023193,-31.4351199],[-62.101066566529724,-31.435288507382296],[-62.1010729126357,-31.435315995087038],[-62.10116201184555,-31.43570129167015],[-62.101261421117734,-31.436131177317055],[-62.101698564922835,-31.436059484977367],[-62.102093964922666,-31.435994584977465],[-62.10250450311643,-31.43592722811524],[-62.10240865256299,-31.43549685152311],[-62.10240864740123,-31.43549682828052],[-62.10235799461271,-31.435268097375282],[-62.1023193,-31.4351199]]]}},{"type":"Feature","properties":{"id":"T82-C01","territorioId":82,"numero":1,"areaM2":3311,"source":"OpenStreetMap highways + Territorio OESTE.kml","updatedAt":"2026-09-28","needsReview":false},"geometry":{"type":"Polygon","coordinates":[[[-62.10543810889519,-31.43246961889847],[-62.104889143683096,-31.432558264853988],[-62.10501905297216,-31.433112386371967],[-62.1055676527113,-31.43302236958985],[-62.10543810889519,-31.43246961889847]]]}},{"type":"Feature","properties":{"id":"T82-C02","territorioId":82,"numero":2,"areaM2":8747,"source":"OpenStreetMap highways + Territorio OESTE.kml","updatedAt":"2026-09-28","needsReview":false},"geometry":{"type":"Polygon","coordinates":[[[-62.10352190702859,-31.433356307753872],[-62.104967344024686,-31.433120840158796],[-62.10483741073745,-31.432566616291773],[-62.10339267677861,-31.43279977804736],[-62.10352190702859,-31.433356307753872]]]}},{"type":"Feature","properties":{"id":"T82-C03","territorioId":82,"numero":3,"areaM2":8971,"source":"OpenStreetMap highways + Territorio OESTE.kml","updatedAt":"2026-09-28","needsReview":false},"geometry":{"type":"Polygon","coordinates":[[[-62.10187230025185,-31.43304523725876],[-62.1019960599878,-31.43360850389514],[-62.10347020637363,-31.43336479304189],[-62.10334094480479,-31.43280812846084],[-62.10187230025185,-31.43304523725876]]]}},{"type":"Feature","properties":{"id":"T83-C01","territorioId":83,"numero":1,"areaM2":7648,"source":"OpenStreetMap highways + Territorio OESTE.kml","updatedAt":"2026-09-28","needsReview":false},"geometry":{"type":"Polygon","coordinates":[[[-62.10349017708649,-31.4339269192412],[-62.10394871119734,-31.433850243983027],[-62.10451204943893,-31.433745792517016],[-62.10508848793063,-31.433638895648162],[-62.10498397871933,-31.43319192443456],[-62.103535212556146,-31.43340993478204],[-62.10358118825327,-31.433587487336133],[-62.103581577744016,-31.43358935971996],[-62.103581782783806,-31.433591253608043],[-62.10358180192238,-31.43359315560469],[-62.10357940192238,-31.43365485560469],[-62.10357916968518,-31.433657190902323],[-62.103578657459785,-31.43365949300369],[-62.10356985745979,-31.433690293003693],[-62.103569313930976,-31.43369192745142],[-62.10351792286313,-31.433827026662467],[-62.10349017708649,-31.4339269192412]]]}},{"type":"Feature","properties":{"id":"T83-C02","territorioId":83,"numero":2,"areaM2":4010,"source":"OpenStreetMap highways + Territorio OESTE.kml","updatedAt":"2026-09-28","needsReview":false},"geometry":{"type":"Polygon","coordinates":[[[-62.10287317096017,-31.433509558808368],[-62.102005823423205,-31.433652951629007],[-62.10206038412076,-31.433901402208214],[-62.102462743020155,-31.433836472269054],[-62.10288904206192,-31.433767672423702],[-62.10352278406008,-31.433665361676766],[-62.10352688956489,-31.43365099240993],[-62.103529086534515,-31.433594511982456],[-62.103483314114555,-31.433417744460076],[-62.10287317096017,-31.433509558808368]]]}},{"type":"Feature","properties":{"id":"T84-C01","territorioId":84,"numero":1,"areaM2":15580,"source":"OpenStreetMap highways + Territorio OESTE.kml","updatedAt":"2026-09-28","needsReview":false},"geometry":{"type":"Polygon","coordinates":[[[-62.10232520744739,-31.435117348161473],[-62.102325303849284,-31.43511563852443],[-62.10232565852531,-31.435113521792434],[-62.102326244259395,-31.435111443313453],[-62.102327055814285,-31.435109421671932],[-62.10234385581429,-31.43507322167193],[-62.1023683,-31.4350816],[-62.10236361465723,-31.43505934507615],[-62.10272439928004,-31.435003247467115],[-62.102767183906174,-31.434996549873777],[-62.10276721489046,-31.43499654503989],[-62.10314822157487,-31.434937306192523],[-62.10355600487876,-31.434862847145112],[-62.103547614849376,-31.434823478545685],[-62.103386415741575,-31.434068682723314],[-62.10338608002881,-31.434066536449745],[-62.1033859847184,-31.434064372421503],[-62.1033864847184,-31.434021672421505],[-62.103386605803884,-31.434019721099855],[-62.10338692243812,-31.43401778604445],[-62.1033874322573,-31.434015881701146],[-62.10338813145546,-31.434014022286526],[-62.103415448911,-31.433950844462093],[-62.103503465995985,-31.433719461086746],[-62.102071639705365,-31.433952612696682],[-62.10209835874246,-31.43407409955721],[-62.102124158711455,-31.43419139941623],[-62.10209197063938,-31.434196628164514],[-62.10232520744739,-31.435117348161473]]]}},{"type":"Feature","properties":{"id":"T84-C02","territorioId":84,"numero":2,"areaM2":10537,"source":"OpenStreetMap highways + Territorio OESTE.kml","updatedAt":"2026-09-28","needsReview":false},"geometry":{"type":"Polygon","coordinates":[[[-62.10273378534277,-31.435047754923847],[-62.102387340055955,-31.435101622941005],[-62.102378787561975,-31.435120051529214],[-62.10246035002497,-31.435488360097025],[-62.102556225807646,-31.435918849970445],[-62.10294573990582,-31.435856572734426],[-62.10334669209492,-31.435791180532014],[-62.103750093257005,-31.435725355529357],[-62.103649012242485,-31.435298611246253],[-62.103648915240825,-31.435298180377906],[-62.1035654978051,-31.434907355989022],[-62.1031587693983,-31.434981622417872],[-62.10315798510954,-31.434981754960113],[-62.10277660060336,-31.435041052551135],[-62.102733816093824,-31.435047750126223],[-62.10273378534277,-31.435047754923847]]]}},{"type":"Feature","properties":{"id":"T85-C01","territorioId":85,"numero":1,"areaM2":4819,"source":"OpenStreetMap highways + Territorio OESTE.kml","updatedAt":"2026-09-28","needsReview":false},"geometry":{"type":"Polygon","coordinates":[[[-62.10454954370955,-31.43378885478721],[-62.1047439476586,-31.434593096087827],[-62.10528951644042,-31.43449878671047],[-62.105101874364856,-31.433696152630898],[-62.10454954370955,-31.43378885478721]]]}},{"type":"Feature","properties":{"id":"T85-C02","territorioId":85,"numero":2,"areaM2":4511,"source":"OpenStreetMap highways + Territorio OESTE.kml","updatedAt":"2026-09-28","needsReview":false},"geometry":{"type":"Polygon","coordinates":[[[-62.104336709490155,-31.433824576489215],[-62.10398510978649,-31.433889768414396],[-62.104179914882934,-31.434690697007984],[-62.10469234803618,-31.434602020632976],[-62.104497882723074,-31.433797525471697],[-62.104336709490155,-31.433824576489215]]]}},{"type":"Feature","properties":{"id":"T85-C03","territorioId":85,"numero":3,"areaM2":4570,"source":"OpenStreetMap highways + Territorio OESTE.kml","updatedAt":"2026-09-28","needsReview":false},"geometry":{"type":"Polygon","coordinates":[[[-62.10343893620217,-31.43403742096227],[-62.10343864072594,-31.43406265463203],[-62.10359454477169,-31.434792656958997],[-62.10412832309926,-31.434699655649705],[-62.10393355032798,-31.433898859958912],[-62.10347455893509,-31.43397561168297],[-62.10343893620217,-31.43403742096227]]]}},{"type":"Feature","properties":{"id":"T85-C04","territorioId":85,"numero":4,"areaM2":5286,"source":"OpenStreetMap highways + Territorio OESTE.kml","updatedAt":"2026-09-28","needsReview":false},"geometry":{"type":"Polygon","coordinates":[[[-62.104969605268586,-31.43552653670594],[-62.105509258152274,-31.435438541885258],[-62.10529988485164,-31.434543132865176],[-62.10475465362377,-31.4346373838915],[-62.104969605268586,-31.43552653670594]]]}},{"type":"Feature","properties":{"id":"T85-C05","territorioId":85,"numero":5,"areaM2":4962,"source":"OpenStreetMap highways + Territorio OESTE.kml","updatedAt":"2026-09-28","needsReview":false},"geometry":{"type":"Polygon","coordinates":[[[-62.10491788721789,-31.435534971398557],[-62.1047030539807,-31.434646308380174],[-62.104190683729065,-31.43473497387053],[-62.10440557436646,-31.435618540161503],[-62.10491788721789,-31.435534971398557]]]}},{"type":"Feature","properties":{"id":"T85-C06","territorioId":85,"numero":6,"areaM2":5253,"source":"OpenStreetMap highways + Territorio OESTE.kml","updatedAt":"2026-09-28","needsReview":false},"geometry":{"type":"Polygon","coordinates":[[[-62.10361238540056,-31.434876322627087],[-62.103700638690654,-31.435289803783498],[-62.10380180848287,-31.435716922868682],[-62.10435385446648,-31.435626972007967],[-62.10413909185473,-31.434743932120256],[-62.103604038331255,-31.434837155609586],[-62.10361238540056,-31.434876322627087]]]}},{"type":"Feature","properties":{"id":"T86-C01","territorioId":86,"numero":1,"areaM2":7798,"source":"OpenStreetMap highways + Territorio OESTE.kml","updatedAt":"2026-09-28","needsReview":false},"geometry":{"type":"Polygon","coordinates":[[[-62.10503571024409,-31.433183568446186],[-62.105145201034354,-31.43365184517318],[-62.10534111510339,-31.43448986248892],[-62.10588541948509,-31.434395673529952],[-62.105732188406925,-31.433726509636482],[-62.10558348948239,-31.433090081973265],[-62.10503571024409,-31.433183568446186]]]}},{"type":"Feature","properties":{"id":"T86-C02","territorioId":86,"numero":2,"areaM2":5373,"source":"OpenStreetMap highways + Territorio OESTE.kml","updatedAt":"2026-09-28","needsReview":false},"geometry":{"type":"Polygon","coordinates":[[[-62.105895837496575,-31.434440011104453],[-62.10535148351452,-31.43453420864607],[-62.10556096615543,-31.435430085272326],[-62.10611260970871,-31.43533959196367],[-62.105895837496575,-31.434440011104453]]]}},{"type":"Feature","properties":{"id":"T87-C01","territorioId":87,"numero":1,"areaM2":5490,"source":"OpenStreetMap highways + Territorio OESTE.kml","updatedAt":"2026-09-28","needsReview":false},"geometry":{"type":"Polygon","coordinates":[[[-62.10760905368949,-31.432121902220942],[-62.107727850077445,-31.432629151101928],[-62.10873008125865,-31.432463301288852],[-62.10861408426252,-31.431966350451386],[-62.10760905368949,-31.432121902220942]]]}},{"type":"Feature","properties":{"id":"T87-C02","territorioId":87,"numero":2,"areaM2":7576,"source":"OpenStreetMap highways + Territorio OESTE.kml","updatedAt":"2026-09-28","needsReview":false},"geometry":{"type":"Polygon","coordinates":[[[-62.10719696085221,-31.432185683136446],[-62.10620403512278,-31.43234594880372],[-62.1063164068402,-31.432862496214454],[-62.10767616353458,-31.432637700058862],[-62.10755724300649,-31.43212992112468],[-62.10719696085221,-31.432185683136446]]]}},{"type":"Feature","properties":{"id":"T87-C03","territorioId":87,"numero":3,"areaM2":7457,"source":"OpenStreetMap highways + Territorio OESTE.kml","updatedAt":"2026-09-28","needsReview":false},"geometry":{"type":"Polygon","coordinates":[[[-62.10874057579788,-31.432507628068144],[-62.10773822249282,-31.432673498089994],[-62.10789659427343,-31.4333514832705],[-62.108904502722595,-31.433190187485465],[-62.10874057579788,-31.432507628068144]]]}},{"type":"Feature","properties":{"id":"T87-C04","territorioId":87,"numero":4,"areaM2":10068,"source":"OpenStreetMap highways + Territorio OESTE.kml","updatedAt":"2026-09-28","needsReview":false},"geometry":{"type":"Polygon","coordinates":[[[-62.10768653617492,-31.43268204707799],[-62.10632608017702,-31.432906958843045],[-62.10647312134493,-31.433582766431623],[-62.10784486014094,-31.433359827565635],[-62.10768653617492,-31.43268204707799]]]}},{"type":"Feature","properties":{"id":"T87-C05","territorioId":87,"numero":5,"areaM2":8776,"source":"OpenStreetMap highways + Territorio OESTE.kml","updatedAt":"2026-09-28","needsReview":false},"geometry":{"type":"Polygon","coordinates":[[[-62.10577867802169,-31.4336957188069],[-62.10642140540815,-31.433591174905782],[-62.106269531582555,-31.43289315621271],[-62.10615230665492,-31.432354299690527],[-62.105489841345644,-31.4324612655457],[-62.10562450161917,-31.433035847675438],[-62.10577867802169,-31.4336957188069]]]}},{"type":"Feature","properties":{"id":"T88-C01","territorioId":88,"numero":1,"areaM2":11395,"source":"OpenStreetMap highways + Territorio OESTE.kml","updatedAt":"2026-09-28","needsReview":false},"geometry":{"type":"Polygon","coordinates":[[[-62.110941441554374,-31.432116514914313],[-62.1108305228197,-31.43159916601212],[-62.10877535639769,-31.43193517513954],[-62.108887059418755,-31.432438426644964],[-62.110941441554374,-31.432116514914313]]]}},{"type":"Feature","properties":{"id":"T88-C02","territorioId":88,"numero":2,"areaM2":9830,"source":"OpenStreetMap highways + Territorio OESTE.kml","updatedAt":"2026-09-28","needsReview":false},"geometry":{"type":"Polygon","coordinates":[[[-62.110997980833965,-31.432130601274434],[-62.11114654931619,-31.432823339376824],[-62.111888437401355,-31.432711188105785],[-62.11161450576842,-31.431483479818084],[-62.110882318483455,-31.43159112712487],[-62.110997980833965,-31.432130601274434]]]}},{"type":"Feature","properties":{"id":"T88-C03","territorioId":88,"numero":3,"areaM2":15036,"source":"OpenStreetMap highways + Territorio OESTE.kml","updatedAt":"2026-09-28","needsReview":false},"geometry":{"type":"Polygon","coordinates":[[[-62.11109477739425,-31.432831489016046],[-62.11095098024903,-31.432160998478317],[-62.108897321895626,-31.432482796795803],[-62.10906113086313,-31.433164317199285],[-62.11109477739425,-31.432831489016046]]]}},{"type":"Feature","properties":{"id":"T89-C01","territorioId":89,"numero":1,"areaM2":27094,"source":"OpenStreetMap highways + Territorio OESTE.kml","updatedAt":"2026-09-28","needsReview":false},"geometry":{"type":"Polygon","coordinates":[[[-62.106097712494794,-31.435775427118543],[-62.10325770448453,-31.436236383788273],[-62.10344910233813,-31.43706174572135],[-62.10450842452272,-31.436892418226137],[-62.106439586395574,-31.436583653436816],[-62.10630330292795,-31.435872860510255],[-62.106284834644256,-31.435808685332677],[-62.10619675175015,-31.435777094063923],[-62.10615191651711,-31.435773461169546],[-62.106097712494794,-31.435775427118543]]]}},{"type":"Feature","properties":{"id":"T89-C02","territorioId":89,"numero":2,"areaM2":5009,"source":"OpenStreetMap highways + Territorio OESTE.kml","updatedAt":"2026-09-28","needsReview":false},"geometry":{"type":"Polygon","coordinates":[[[-62.1028469800041,-31.437157820673757],[-62.103397350585595,-31.437070010177127],[-62.103205957946756,-31.436244670731618],[-62.102641997534555,-31.43633373638347],[-62.1028469800041,-31.437157820673757]]]}},{"type":"Feature","properties":{"id":"T89-C03","territorioId":89,"numero":3,"areaM2":4632,"source":"OpenStreetMap highways + Territorio OESTE.kml","updatedAt":"2026-09-28","needsReview":false},"geometry":{"type":"Polygon","coordinates":[[[-62.10227354907908,-31.437249758994728],[-62.10252870864719,-31.437209020760044],[-62.10279522127776,-31.437166116953215],[-62.102590268637215,-31.436342152583492],[-62.10208111903764,-31.436427540741136],[-62.10227354907908,-31.437249758994728]]]}},{"type":"Feature","properties":{"id":"T89-C04","territorioId":89,"numero":4,"areaM2":4983,"source":"OpenStreetMap highways + Territorio OESTE.kml","updatedAt":"2026-09-28","needsReview":false},"geometry":{"type":"Polygon","coordinates":[[[-62.10202942998257,-31.436436078723055],[-62.101472942785605,-31.43652656965331],[-62.10166475445024,-31.43734714977173],[-62.10222179758625,-31.43725803019158],[-62.10202942998257,-31.436436078723055]]]}},{"type":"Feature","properties":{"id":"T89-C05","territorioId":89,"numero":5,"areaM2":5095,"source":"OpenStreetMap highways + Territorio OESTE.kml","updatedAt":"2026-09-28","needsReview":false},"geometry":{"type":"Polygon","coordinates":[[[-62.10085796620616,-31.43662798558634],[-62.10103124091796,-31.437444717261688],[-62.101612967899484,-31.437355270201763],[-62.10142123777195,-31.43653503890323],[-62.10085796620616,-31.43662798558634]]]}},{"type":"Feature","properties":{"id":"T89-C06","territorioId":89,"numero":6,"areaM2":15884,"source":"OpenStreetMap highways + Territorio OESTE.kml","updatedAt":"2026-09-28","needsReview":false},"geometry":{"type":"Polygon","coordinates":[[[-62.09899770551767,-31.436948615798272],[-62.09917069261778,-31.437746996043987],[-62.09933293096023,-31.437720633308913],[-62.10097947701816,-31.437452904644186],[-62.10080631485816,-31.436636703482648],[-62.09899770551767,-31.436948615798272]]]}},{"type":"Feature","properties":{"id":"T90-C01","territorioId":90,"numero":1,"areaM2":53158,"source":"OpenStreetMap highways + Territorio OESTE.kml","updatedAt":"2026-09-28","needsReview":false},"geometry":{"type":"Polygon","coordinates":[[[-62.1025155,-31.437269],[-62.0991949,-31.437809],[-62.09929505191758,-31.438301074096735],[-62.099372341907106,-31.43864483503536],[-62.09937238363568,-31.43864502330591],[-62.09956309442256,-31.439518041908],[-62.100187987337634,-31.43941482621408],[-62.099974132995996,-31.43841726205198],[-62.099954150909326,-31.438380628226433],[-62.09990918634845,-31.438342273362906],[-62.099429111869696,-31.43793499501424],[-62.0994660881303,-31.43790280498576],[-62.0999461881303,-31.43831010498576],[-62.09994623910404,-31.43831014834812],[-62.09999453910404,-31.43835134834812],[-62.09999610374991,-31.438352805449128],[-62.099997513883984,-31.43835437471977],[-62.09999875866836,-31.43835604409907],[-62.099999828535985,-31.43835780075665],[-62.10002322853599,-31.43840070075665],[-62.10002409429869,-31.438402482107065],[-62.10002478013693,-31.43840432041922],[-62.10002528105363,-31.43840620229904],[-62.100239694666726,-31.43940637528896],[-62.101130734409224,-31.43926227365997],[-62.10224743010704,-31.439081729458827],[-62.10202896082108,-31.438048817411314],[-62.1016338622067,-31.43811401055875],[-62.101623937793306,-31.43806958944125],[-62.102045135804644,-31.43800008976939],[-62.10265571278422,-31.43789925793788],[-62.1025155,-31.437269]]]}},{"type":"Feature","properties":{"id":"T90-C02","territorioId":90,"numero":2,"areaM2":6617,"source":"OpenStreetMap highways + Territorio OESTE.kml","updatedAt":"2026-09-28","needsReview":false},"geometry":{"type":"Polygon","coordinates":[[[-62.10266559659278,-31.43794368576118],[-62.10208065172777,-31.438040284657077],[-62.102299110014144,-31.439073144699073],[-62.10289429522438,-31.438971688512538],[-62.10266559659278,-31.43794368576118]]]}},{"type":"Feature","properties":{"id":"T91-C01","territorioId":91,"numero":1,"areaM2":12995,"source":"OpenStreetMap highways + Territorio OESTE.kml","updatedAt":"2026-09-28","needsReview":false},"geometry":{"type":"Polygon","coordinates":[[[-62.10256755249134,-31.43726197218525],[-62.10271561488474,-31.437889369280267],[-62.103339137063806,-31.437786489561617],[-62.10398313631048,-31.437680189685963],[-62.104614570432155,-31.43757596777491],[-62.1044754852049,-31.436952893327295],[-62.103435164393964,-31.43711918354393],[-62.103166561081686,-31.437162038651095],[-62.10256755249134,-31.43726197218525]]]}},{"type":"Feature","properties":{"id":"T91-C02","territorioId":91,"numero":2,"areaM2":6687,"source":"OpenStreetMap highways + Territorio OESTE.kml","updatedAt":"2026-09-28","needsReview":false},"geometry":{"type":"Polygon","coordinates":[[[-62.10462448659957,-31.43762039025353],[-62.10401912400515,-31.437720308905856],[-62.104257258139654,-31.438739952486625],[-62.1048486390766,-31.438651815750845],[-62.10472674501843,-31.438078487846695],[-62.10462448659957,-31.43762039025353]]]}},{"type":"Feature","properties":{"id":"T91-C03","territorioId":91,"numero":3,"areaM2":6633,"source":"OpenStreetMap highways + Territorio OESTE.kml","updatedAt":"2026-09-28","needsReview":false},"geometry":{"type":"Polygon","coordinates":[[[-62.104205507540605,-31.438748226166865],[-62.10396743372282,-31.437728840850465],[-62.10337498208087,-31.43782663216957],[-62.103607276093335,-31.438850201619722],[-62.104205507540605,-31.438748226166865]]]}},{"type":"Feature","properties":{"id":"T91-C04","territorioId":91,"numero":4,"areaM2":6730,"source":"OpenStreetMap highways + Territorio OESTE.kml","updatedAt":"2026-09-28","needsReview":false},"geometry":{"type":"Polygon","coordinates":[[[-62.10355564798574,-31.43885900031455],[-62.10332329304893,-31.43783516241023],[-62.102725671870175,-31.43793376852369],[-62.10294898860775,-31.438962367333854],[-62.10355564798574,-31.43885900031455]]]}},{"type":"Feature","properties":{"id":"T92-C01","territorioId":92,"numero":1,"areaM2":12928,"source":"OpenStreetMap highways + Territorio OESTE.kml","updatedAt":"2026-09-28","needsReview":false},"geometry":{"type":"Polygon","coordinates":[[[-62.106450810938846,-31.436637069172974],[-62.10454547450208,-31.436941704849403],[-62.10467166576894,-31.437566634414853],[-62.105281536631,-31.437468073300845],[-62.10593623509394,-31.437362273549237],[-62.10659226580385,-31.437256189122756],[-62.106450810938846,-31.436637069172974]]]}},{"type":"Feature","properties":{"id":"T92-C02","territorioId":92,"numero":2,"areaM2":11046,"source":"OpenStreetMap highways + Territorio OESTE.kml","updatedAt":"2026-09-28","needsReview":false},"geometry":{"type":"Polygon","coordinates":[[[-62.1070989,-31.4365346],[-62.10690778550566,-31.436563971590758],[-62.10650255836198,-31.436628793448413],[-62.10664902384269,-31.437269843871725],[-62.10688956100175,-31.438322977451282],[-62.10748075317377,-31.438223878000812],[-62.10730248395792,-31.437382541915518],[-62.1070989,-31.4365346]]]}},{"type":"Feature","properties":{"id":"T92-C03","territorioId":92,"numero":3,"areaM2":7132,"source":"OpenStreetMap highways + Territorio OESTE.kml","updatedAt":"2026-09-28","needsReview":false},"geometry":{"type":"Polygon","coordinates":[[[-62.10619828568954,-31.43843547164771],[-62.10683787225419,-31.438331509927007],[-62.106602405468855,-31.437300575748406],[-62.10597183522159,-31.43740254305257],[-62.10619828568954,-31.43843547164771]]]}},{"type":"Feature","properties":{"id":"T92-C04","territorioId":92,"numero":4,"areaM2":6734,"source":"OpenStreetMap highways + Territorio OESTE.kml","updatedAt":"2026-09-28","needsReview":false},"geometry":{"type":"Polygon","coordinates":[[[-62.10554966622942,-31.438539643058565],[-62.10614655829741,-31.438443827385044],[-62.10592010913867,-31.43741090476173],[-62.105317267207084,-31.437508324459856],[-62.10554966622942,-31.438539643058565]]]}},{"type":"Feature","properties":{"id":"T92-C05","territorioId":92,"numero":5,"areaM2":6631,"source":"OpenStreetMap highways + Territorio OESTE.kml","updatedAt":"2026-09-28","needsReview":false},"geometry":{"type":"Polygon","coordinates":[[[-62.10490043977046,-31.43864380156867],[-62.105497926173975,-31.438547946167215],[-62.10526553983957,-31.437516683873852],[-62.104680893774194,-31.43761116841327],[-62.10490043977046,-31.43864380156867]]]}},{"type":"Feature","properties":{"id":"T93-C01","territorioId":93,"numero":1,"areaM2":11544,"source":"OpenStreetMap highways + Territorio OESTE.kml","updatedAt":"2026-09-28","needsReview":false},"geometry":{"type":"Polygon","coordinates":[[[-62.1029085,-31.4390281],[-62.102310549745056,-31.4391275582646],[-62.102587901426055,-31.440452498496622],[-62.10267794842685,-31.440882976352764],[-62.10304221076519,-31.440820027791993],[-62.10328976687038,-31.440777226882965],[-62.102917106117715,-31.439062075711327],[-62.1029085,-31.4390281]]]}},{"type":"Feature","properties":{"id":"T93-C02","territorioId":93,"numero":2,"areaM2":66346,"source":"OpenStreetMap highways + Territorio OESTE.kml","updatedAt":"2026-09-28","needsReview":false},"geometry":{"type":"Polygon","coordinates":[[[-62.1000895,-31.4418611],[-62.10278528064143,-31.441452747808917],[-62.1027839,-31.4414363],[-62.10276074952736,-31.441447055085206],[-62.10273734952737,-31.441409855085208],[-62.102736163848306,-31.441407707467853],[-62.10273524701361,-31.441405464762777],[-62.102734609151675,-31.441403151745405],[-62.10263570612343,-31.440936390491576],[-62.10232806196901,-31.440989276908063],[-62.10231773803098,-31.44094492309194],[-62.102626332567915,-31.440891873297332],[-62.10253748462731,-31.440467127657254],[-62.10211036175502,-31.440078223640814],[-62.10214863824498,-31.440047176359183],[-62.10252044275354,-31.440385711886286],[-62.1022588709893,-31.439136154095646],[-62.09957666866683,-31.439582290184887],[-62.09962943503501,-31.439836707513546],[-62.1000895,-31.4418611]]]}},{"type":"Feature","properties":{"id":"T93-C03","territorioId":93,"numero":3,"areaM2":3267,"source":"OpenStreetMap highways + Territorio OESTE.kml","updatedAt":"2026-09-28","needsReview":false},"geometry":{"type":"Polygon","coordinates":[[[-62.10329920820329,-31.44082173332407],[-62.1030525880415,-31.44086437241422],[-62.10268731995464,-31.440927494779462],[-62.102785640971135,-31.441391509297027],[-62.102798964968216,-31.44141269103598],[-62.10281760784373,-31.441411535278196],[-62.103401823032435,-31.441317017231334],[-62.10329920820329,-31.44082173332407]]]}},{"type":"Feature","properties":{"id":"T94-C01","territorioId":94,"numero":1,"areaM2":11024,"source":"OpenStreetMap highways + Territorio OESTE.kml","updatedAt":"2026-09-28","needsReview":false},"geometry":{"type":"Polygon","coordinates":[[[-62.104271825520186,-31.438804135034236],[-62.104660034039064,-31.440540228209407],[-62.10523894475442,-31.44044013102036],[-62.10486103616235,-31.438709187668948],[-62.104271825520186,-31.438804135034236]]]}},{"type":"Feature","properties":{"id":"T94-C02","territorioId":94,"numero":2,"areaM2":11553,"source":"OpenStreetMap highways + Territorio OESTE.kml","updatedAt":"2026-09-28","needsReview":false},"geometry":{"type":"Polygon","coordinates":[[[-62.10362008967674,-31.438909157918705],[-62.10398949806562,-31.44065618198566],[-62.10460843298751,-31.440549150901976],[-62.10422009334407,-31.438812471329392],[-62.10362008967674,-31.438909157918705]]]}},{"type":"Feature","properties":{"id":"T94-C03","territorioId":94,"numero":3,"areaM2":11394,"source":"OpenStreetMap highways + Territorio OESTE.kml","updatedAt":"2026-09-28","needsReview":false},"geometry":{"type":"Polygon","coordinates":[[[-62.10335361872952,-31.440766183450993],[-62.10393789030394,-31.440665108075287],[-62.103568357212765,-31.438917494260245],[-62.10296051702665,-31.43901544365229],[-62.10311540067051,-31.439728287334265],[-62.10335361872952,-31.440766183450993]]]}},{"type":"Feature","properties":{"id":"T94-C04","territorioId":94,"numero":4,"areaM2":3220,"source":"OpenStreetMap highways + Territorio OESTE.kml","updatedAt":"2026-09-28","needsReview":false},"geometry":{"type":"Polygon","coordinates":[[[-62.10535004458199,-31.441002092570606],[-62.10524818020606,-31.44048467307118],[-62.104669590570815,-31.44058471474352],[-62.104774678767996,-31.44109543233929],[-62.10535004458199,-31.441002092570606]]]}},{"type":"Feature","properties":{"id":"T94-C05","territorioId":94,"numero":5,"areaM2":3370,"source":"OpenStreetMap highways + Territorio OESTE.kml","updatedAt":"2026-09-28","needsReview":false},"geometry":{"type":"Polygon","coordinates":[[[-62.104722949718884,-31.44110379507068],[-62.10461797718512,-31.44059363958696],[-62.10399939147069,-31.440700610282956],[-62.10411667596375,-31.441201459187916],[-62.104722949718884,-31.44110379507068]]]}},{"type":"Feature","properties":{"id":"T94-C06","territorioId":94,"numero":6,"areaM2":3178,"source":"OpenStreetMap highways + Territorio OESTE.kml","updatedAt":"2026-09-28","needsReview":false},"geometry":{"type":"Polygon","coordinates":[[[-62.103477246783946,-31.441304820522163],[-62.10406494257866,-31.441209808082963],[-62.10394779288396,-31.440709534817724],[-62.10336380432426,-31.440810561233555],[-62.103477246783946,-31.441304820522163]]]}},{"type":"Feature","properties":{"id":"T95-C01","territorioId":95,"numero":1,"areaM2":12168,"source":"OpenStreetMap highways + Territorio OESTE.kml","updatedAt":"2026-09-28","needsReview":false},"geometry":{"type":"Polygon","coordinates":[[[-62.106209255430635,-31.438485363031088],[-62.10645675693047,-31.43960839132704],[-62.10645676508948,-31.439608428518433],[-62.106592450932055,-31.440229782761214],[-62.10723430099041,-31.440130965424853],[-62.1068483798816,-31.438378398633184],[-62.106209255430635,-31.438485363031088]]]}},{"type":"Feature","properties":{"id":"T95-C02","territorioId":95,"numero":2,"areaM2":11301,"source":"OpenStreetMap highways + Territorio OESTE.kml","updatedAt":"2026-09-28","needsReview":false},"geometry":{"type":"Polygon","coordinates":[[[-62.10556170311663,-31.438593737923135],[-62.105808456224054,-31.43971248812297],[-62.10580846221054,-31.439712515356224],[-62.10594478938834,-31.44033477361463],[-62.106540687274496,-31.44023797241385],[-62.106405038971914,-31.439616790080198],[-62.10615759206753,-31.43849400945436],[-62.10556170311663,-31.438593737923135]]]}},{"type":"Feature","properties":{"id":"T95-C03","territorioId":95,"numero":3,"areaM2":11074,"source":"OpenStreetMap highways + Territorio OESTE.kml","updatedAt":"2026-09-28","needsReview":false},"geometry":{"type":"Polygon","coordinates":[[[-62.1049208,-31.438701],[-62.10530777226289,-31.4404293092563],[-62.10589299108036,-31.440342805649376],[-62.10575674077299,-31.43972089826198],[-62.10551003977978,-31.438602384342015],[-62.1049208,-31.438701]]]}},{"type":"Feature","properties":{"id":"T95-C04","territorioId":95,"numero":4,"areaM2":3520,"source":"OpenStreetMap highways + Territorio OESTE.kml","updatedAt":"2026-09-28","needsReview":false},"geometry":{"type":"Polygon","coordinates":[[[-62.10735474448751,-31.440677961625994],[-62.10724408782575,-31.440175411271753],[-62.106602180369016,-31.440274237444996],[-62.106713487565514,-31.44078169164139],[-62.10735474448751,-31.440677961625994]]]}},{"type":"Feature","properties":{"id":"T95-C05","territorioId":95,"numero":5,"areaM2":3287,"source":"OpenStreetMap highways + Territorio OESTE.kml","updatedAt":"2026-09-28","needsReview":false},"geometry":{"type":"Polygon","coordinates":[[[-62.10666176160444,-31.440790053912167],[-62.10655041619789,-31.440282425477914],[-62.10595454649319,-31.440379222100727],[-62.10606607571676,-31.440886298496427],[-62.10666176160444,-31.440790053912167]]]}},{"type":"Feature","properties":{"id":"T95-C06","territorioId":95,"numero":6,"areaM2":3238,"source":"OpenStreetMap highways + Territorio OESTE.kml","updatedAt":"2026-09-28","needsReview":false},"geometry":{"type":"Polygon","coordinates":[[[-62.10543301281863,-31.44098866307182],[-62.10601434942374,-31.440894659334006],[-62.105902749167576,-31.440387259954452],[-62.10531771942254,-31.4404737356138],[-62.10543301281863,-31.44098866307182]]]}},{"type":"Feature","properties":{"id":"T96-C01","territorioId":96,"numero":1,"areaM2":12252,"source":"OpenStreetMap highways + Territorio OESTE.kml","updatedAt":"2026-09-28","needsReview":false},"geometry":{"type":"Polygon","coordinates":[[[-62.108283128947456,-31.438139676738277],[-62.10867555075253,-31.439889665869003],[-62.109310384787086,-31.439783335795283],[-62.10919132838251,-31.439190753026853],[-62.10892022047874,-31.43803154652425],[-62.108283128947456,-31.438139676738277]]]}},{"type":"Feature","properties":{"id":"T96-C02","territorioId":96,"numero":2,"areaM2":13280,"source":"OpenStreetMap highways + Territorio OESTE.kml","updatedAt":"2026-09-28","needsReview":false},"geometry":{"type":"Polygon","coordinates":[[[-62.10754310092124,-31.438265277825295],[-62.107919055892275,-31.440016526052162],[-62.10862389060272,-31.439898323958452],[-62.108231492542146,-31.438148440715324],[-62.10754310092124,-31.438265277825295]]]}},{"type":"Feature","properties":{"id":"T96-C03","territorioId":96,"numero":3,"areaM2":10760,"source":"OpenStreetMap highways + Territorio OESTE.kml","updatedAt":"2026-09-28","needsReview":false},"geometry":{"type":"Polygon","coordinates":[[[-62.1069255,-31.4383701],[-62.10730358206206,-31.4401197062991],[-62.1078673940032,-31.44002518829159],[-62.10749146100109,-31.4382740423989],[-62.1069255,-31.4383701]]]}},{"type":"Feature","properties":{"id":"T96-C04","territorioId":96,"numero":4,"areaM2":3523,"source":"OpenStreetMap highways + Territorio OESTE.kml","updatedAt":"2026-09-28","needsReview":false},"geometry":{"type":"Polygon","coordinates":[[[-62.10942719198378,-31.440322373772915],[-62.10931970117601,-31.439827858931885],[-62.10868558867167,-31.439934068154553],[-62.10880180587631,-31.440444025199785],[-62.10942628822377,-31.440343110044054],[-62.10942719198378,-31.440322373772915]]]}},{"type":"Feature","properties":{"id":"T96-C05","territorioId":96,"numero":5,"areaM2":3906,"source":"OpenStreetMap highways + Territorio OESTE.kml","updatedAt":"2026-09-28","needsReview":false},"geometry":{"type":"Polygon","coordinates":[[[-62.10875007846307,-31.440452387633812],[-62.10863392863445,-31.439942726232196],[-62.10792882276166,-31.440060973800875],[-62.108042569591596,-31.440566811562753],[-62.10875007846307,-31.440452387633812]]]}},{"type":"Feature","properties":{"id":"T96-C06","territorioId":96,"numero":6,"areaM2":3108,"source":"OpenStreetMap highways + Territorio OESTE.kml","updatedAt":"2026-09-28","needsReview":false},"geometry":{"type":"Polygon","coordinates":[[[-62.1074218735552,-31.440667110056882],[-62.107990842897316,-31.440575173482895],[-62.107877163496475,-31.440069635581512],[-62.107313192677346,-31.440164180223494],[-62.1074218735552,-31.440667110056882]]]}}]}